Year,Block,Barren,Built-up,Fallow,Irrigation,Others,Rainfed,Vegetation,Water,,.geo,,system:index,,,,,,,,,,,,
2018,Lingala,0,0,0,0.173180536,0.433113849,0,0.17318291,0,,"{""type"":""MultiPoint"",""coordinates"":[]}",,1_1_1_1_1_1_2_00000000000000000000,,,,,,,,,,,,
2018,Pulivendla,0,0,0,0,0,0,0,0,,"{""type"":""MultiPoint"",""coordinates"":[]}",,1_1_1_1_1_1_2_00000000000000000001,,,,,,,,,,,,
2018,Vemula,0.176438665,0,0,0,0.341318963,0,0.042834786,0,,"{""type"":""MultiPoint"",""coordinates"":[]}",,1_1_1_1_1_1_2_00000000000000000002,,,,,,,,,,,,
2018,Vempalle,0.103023242,0,0.563413263,0.700780817,3.041135117,0.517511998,10.732747,0,,"{""type"":""MultiPoint"",""coordinates"":[]}",,1_1_1_1_1_1_2_00000000000000000003,,,,,,,,,,,,
2018,Chakrayapet,0.010541026,0.079267796,0.13607772,0.176907104,1.053167891,0.471202225,1.506212845,0,,"{""type"":""MultiPoint"",""coordinates"":[]}",,1_1_1_1_1_1_2_00000000000000000004,,,,,,,,,,,,
2018,Galiveedu,0.302915863,0.002722636,0,0.00272263,0.434329433,0.280092559,0.329771562,0,,"{""type"":""MultiPoint"",""coordinates"":[]}",,1_1_1_1_1_1_2_00000000000000000005,,,,,,,,,,,,
2018,Kalyandurg,0.883827917,0,0.065895145,0.145378205,0.734700445,0.130092529,0.269355898,0,,"{""type"":""MultiPoint"",""coordinates"":[]}",,1_1_1_1_1_1_2_00000000000000000006,,,,,,,,,,,,
2018,Putlur,0.647740622,0,0,0,0.610060349,0.341525522,8.967208178,0,,"{""type"":""MultiPoint"",""coordinates"":[]}",,1_1_1_1_1_1_2_00000000000000000007,,,,,,,,,,,,
2018,Yellanur,0.191487489,0.032593178,0.08555506,0,0.337499068,0.323954976,15.93698927,0,,"{""type"":""MultiPoint"",""coordinates"":[]}",,1_1_1_1_1_1_2_00000000000000000008,,,,,,,,,,,,
2018,Narpala,0.086570343,0,0,0,0.086570239,0.204395796,0.757481334,0,,"{""type"":""MultiPoint"",""coordinates"":[]}",,1_1_1_1_1_1_2_00000000000000000009,,,,,,,,,,,,
2018,Anantapur,0,0,0,0,0,0.086589081,0.17317785,0,,"{""type"":""MultiPoint"",""coordinates"":[]}",,1_1_1_1_1_1_2_0000000000000000000a,,,,,,,,,,,,
2018,Raptadu,0.519696222,0,0,0.779674384,0.173257422,0.173268628,0.173281433,0,,"{""type"":""MultiPoint"",""coordinates"":[]}",,1_1_1_1_1_1_2_0000000000000000000b,,,,,,,,,,,,
2018,Kambadur,0.155704235,0,0.108048254,1.32911225,1.238538058,2.191934835,0.4530028,0,,"{""type"":""MultiPoint"",""coordinates"":[]}",,1_1_1_1_1_1_2_0000000000000000000c,,,,,,,,,,,,
2018,Kanaganapalle,7580.767856,465.7221209,502.9031011,9108.65238,8227.584617,12846.4774,6520.372539,186.9274891,,"{""type"":""MultiPoint"",""coordinates"":[]}",,1_1_1_1_1_1_2_0000000000000000000d,,,,,,,,,,,,
2018,Dharmavaram,2359.004994,1484.342469,828.4538235,6088.745024,7540.119569,12652.06972,4921.458737,544.562742,,"{""type"":""MultiPoint"",""coordinates"":[]}",,1_1_1_1_1_1_2_0000000000000000000e,,,,,,,,,,,,
2018,Bathalapalle,1621.542542,491.7970494,446.0671452,3119.690192,3609.374199,12305.51588,2563.629312,76.31447863,,"{""type"":""MultiPoint"",""coordinates"":[]}",,1_1_1_1_1_1_2_0000000000000000000f,,,,,,,,,,,,
2018,Tadimarri,1424.435907,362.9955937,418.7220297,3300.758115,3827.522724,10271.99425,4987.31212,698.6684717,,"{""type"":""MultiPoint"",""coordinates"":[]}",,1_1_1_1_1_1_2_00000000000000000010,,,,,,,,,,,,
2018,Mudigubba,4071.880433,734.3352662,846.5316309,4570.211976,18760.43199,15448.7302,12640.83042,1152.293372,,"{""type"":""MultiPoint"",""coordinates"":[]}",,1_1_1_1_1_1_2_00000000000000000011,,,,,,,,,,,,
2018,Talupula,2182.744559,441.5796381,438.4439722,1908.43862,15631.75205,4646.367112,8196.679037,13.00739099,,"{""type"":""MultiPoint"",""coordinates"":[]}",,1_1_1_1_1_1_2_00000000000000000012,,,,,,,,,,,,
2018,Nambulipulikunta,3428.859802,550.8231502,498.9868696,1343.783252,17156.64421,3611.559202,8813.389488,163.3128068,,"{""type"":""MultiPoint"",""coordinates"":[]}",,1_1_1_1_1_1_2_00000000000000000013,,,,,,,,,,,,
2018,Gandlapenta,521.1557585,314.1429082,616.2432042,2406.537976,15364.29872,3458.792186,11474.4753,31.71219802,,"{""type"":""MultiPoint"",""coordinates"":[]}",,1_1_1_1_1_1_2_00000000000000000014,,,,,,,,,,,,
2018,Kadiri,1343.876206,1043.516594,339.2467763,2004.172473,10168.31229,3961.375363,5158.289272,196.1524596,,"{""type"":""MultiPoint"",""coordinates"":[]}",,1_1_1_1_1_1_2_00000000000000000015,,,,,,,,,,,,
2018,Nallamada,854.1570496,398.2601869,285.2603245,1985.259335,10879.94407,5323.644572,5432.480777,12.77982006,,"{""type"":""MultiPoint"",""coordinates"":[]}",,1_1_1_1_1_1_2_00000000000000000016,,,,,,,,,,,,
2018,Bukkapatnam,382.0670706,332.5496403,651.2064309,3671.862582,6892.391956,5340.716031,10729.52091,277.6439759,,"{""type"":""MultiPoint"",""coordinates"":[]}",,1_1_1_1_1_1_2_00000000000000000017,,,,,,,,,,,,
2018,Kothacheruvu,2236.490902,569.9116944,487.391791,3307.83987,3809.19104,7505.492134,3030.021518,373.4375294,,"{""type"":""MultiPoint"",""coordinates"":[]}",,1_1_1_1_1_1_2_00000000000000000018,,,,,,,,,,,,
2018,Chennekothapalle,6633.187442,751.6263698,578.6263182,5853.391946,6292.283302,12780.8792,3859.998296,545.6437132,,"{""type"":""MultiPoint"",""coordinates"":[]}",,1_1_1_1_1_1_2_00000000000000000019,,,,,,,,,,,,
2018,Ramagiri,5407.255993,670.5387551,399.0746672,5933.621462,5464.406673,11121.29576,2414.657675,255.1202297,,"{""type"":""MultiPoint"",""coordinates"":[]}",,1_1_1_1_1_1_2_0000000000000000001a,,,,,,,,,,,,
2018,Roddam,3690.93926,656.1630206,457.0987298,5747.803741,4819.056654,18050.32538,2337.471482,15.18722944,,"{""type"":""MultiPoint"",""coordinates"":[]}",,1_1_1_1_1_1_2_0000000000000000001b,,,,,,,,,,,,
2018,Madakasira,2750.903891,1204.923654,617.8069125,3153.08441,6874.741665,13690.84926,4907.532023,100.9201198,,"{""type"":""MultiPoint"",""coordinates"":[]}",,1_1_1_1_1_1_2_0000000000000000001c,,,,,,,,,,,,
2018,Amarapuram,535.5641799,499.9059408,725.6051781,2462.052076,5739.624333,10703.66352,2342.386309,4.599869452,,"{""type"":""MultiPoint"",""coordinates"":[]}",,1_1_1_1_1_1_2_0000000000000000001d,,,,,,,,,,,,
2018,Gudibanda,1183.872046,726.1862549,667.1616569,2535.604689,6397.957294,7407.30795,4033.806712,8.336096747,,"{""type"":""MultiPoint"",""coordinates"":[]}",,1_1_1_1_1_1_2_0000000000000000001e,,,,,,,,,,,,
2018,Rolla,881.0325501,360.4479455,504.1772445,1635.826667,4806.254918,4882.304959,2936.155052,1.129205603,,"{""type"":""MultiPoint"",""coordinates"":[]}",,1_1_1_1_1_1_2_0000000000000000001f,,,,,,,,,,,,
2018,Agali,332.0341259,256.620099,503.5304459,2000.068056,3821.308876,4182.977204,1398.600505,6.168945209,,"{""type"":""MultiPoint"",""coordinates"":[]}",,1_1_1_1_1_1_2_00000000000000000020,,,,,,,,,,,,
2018,Parigi,562.4333334,782.1101844,472.0691879,2025.230105,2801.717257,7844.500467,1740.393468,15.11187787,,"{""type"":""MultiPoint"",""coordinates"":[]}",,1_1_1_1_1_1_2_00000000000000000021,,,,,,,,,,,,
2018,Penukonda,7983.668388,1187.402781,441.5276357,3095.188483,9078.322701,5358.153257,2687.834058,461.0639273,,"{""type"":""MultiPoint"",""coordinates"":[]}",,1_1_1_1_1_1_2_00000000000000000022,,,,,,,,,,,,
2018,Puttaparthi,1194.955636,781.4338385,636.6024388,3422.696058,10102.51065,3860.972313,8840.550421,247.3182242,,"{""type"":""MultiPoint"",""coordinates"":[]}",,1_1_1_1_1_1_2_00000000000000000023,,,,,,,,,,,,
2018,Obuladevaracheruvu,1606.824534,596.6934399,244.5121388,2740.055758,10217.03855,5027.60339,4065.590045,10.73426064,,"{""type"":""MultiPoint"",""coordinates"":[]}",,1_1_1_1_1_1_2_00000000000000000024,,,,,,,,,,,,
2018,Nallacheruvu,592.1860472,436.9662202,184.0827377,1347.815664,7380.870077,2661.125243,2473.083599,31.59829136,,"{""type"":""MultiPoint"",""coordinates"":[]}",,1_1_1_1_1_1_2_00000000000000000025,,,,,,,,,,,,
2018,Tanakal,1622.988195,788.0902617,394.8172346,3210.161307,13534.23092,4910.458956,5810.095449,18.67429995,,"{""type"":""MultiPoint"",""coordinates"":[]}",,1_1_1_1_1_1_2_00000000000000000026,,,,,,,,,,,,
2018,Amadagur,1223.638446,408.3418446,267.332113,1312.323102,14582.23401,3573.202068,4946.810847,97.78851411,,"{""type"":""MultiPoint"",""coordinates"":[]}",,1_1_1_1_1_1_2_00000000000000000027,,,,,,,,,,,,
2018,Gorantla,4107.209317,1075.528207,517.0719148,1844.287707,15179.21969,7912.336207,5545.119893,3.820090668,,"{""type"":""MultiPoint"",""coordinates"":[]}",,1_1_1_1_1_1_2_00000000000000000028,,,,,,,,,,,,
2018,Somandepalle,2695.101982,683.7935306,353.8863143,1445.247381,8482.174377,5669.087427,2057.311887,44.8844551,,"{""type"":""MultiPoint"",""coordinates"":[]}",,1_1_1_1_1_1_2_00000000000000000029,,,,,,,,,,,,
2018,Hindupur,987.4453902,2446.64483,698.8788904,1793.727769,4904.778189,6610.000646,2776.579622,38.37923176,,"{""type"":""MultiPoint"",""coordinates"":[]}",,1_1_1_1_1_1_2_0000000000000000002a,,,,,,,,,,,,
2018,Lepakshi,219.7179084,542.7414975,405.8802231,2138.122682,3173.324534,6589.815561,1958.994344,81.24209792,,"{""type"":""MultiPoint"",""coordinates"":[]}",,1_1_1_1_1_1_2_0000000000000000002b,,,,,,,,,,,,
2018,Chilamathur,1655.6102,814.7769125,387.0711711,1577.852951,10063.98369,6225.085985,3295.814263,27.27753974,,"{""type"":""MultiPoint"",""coordinates"":[]}",,1_1_1_1_1_1_2_0000000000000000002c,,,,,,,,,,,,
2018,Mulakalacheruvu,0.086833948,0,0.260632776,0.097752423,1.913499614,0.532489358,0.255819492,0,,"{""type"":""MultiPoint"",""coordinates"":[]}",,1_1_1_1_1_1_2_0000000000000000002d,,,,,,,,,,,,
2018,Thamballapalle,0,0,0,0,0,0,0,0,,"{""type"":""MultiPoint"",""coordinates"":[]}",,1_1_1_1_1_1_2_0000000000000000002e,,,,,,,,,,,,
2018,Peddamandyam,0.257720306,0,0,0,0.303378046,0,0.176362826,0,,"{""type"":""MultiPoint"",""coordinates"":[]}",,1_1_1_1_1_1_2_0000000000000000002f,,,,,,,,,,,,
2018,Pedda Thippasamudram,0,0,0,0.347555103,0,0,0,0,,"{""type"":""MultiPoint"",""coordinates"":[]}",,1_1_1_1_1_1_2_00000000000000000030,,,,,,,,,,,,
2018,Challakere,6.80E-04,0,0.079254309,0.255116345,0.195592903,0.44423693,0.145590036,0,,"{""type"":""MultiPoint"",""coordinates"":[]}",,1_1_1_1_1_1_2_00000000000000000031,,,,,,,,,,,,
2018,Hiriyur,0,0,0,0,0,0,0,0,,"{""type"":""MultiPoint"",""coordinates"":[]}",,1_1_1_1_1_1_2_00000000000000000032,,,,,,,,,,,,
2018,Sira,0,0.007487779,0.170863207,0.747992706,2.518445014,1.348597228,0.017031414,0,,"{""type"":""MultiPoint"",""coordinates"":[]}",,1_1_1_1_1_1_2_00000000000000000033,,,,,,,,,,,,
2018,Pavagada,2.028974796,0,0.070477676,2.934796931,7.100438416,7.519377117,1.373717899,0,,"{""type"":""MultiPoint"",""coordinates"":[]}",,1_1_1_1_1_1_2_00000000000000000034,,,,,,,,,,,,
2018,Madhugiri,1.141441799,0.022821306,0.005109597,1.555389928,3.782035461,3.672644811,1.854580386,0,,"{""type"":""MultiPoint"",""coordinates"":[]}",,1_1_1_1_1_1_2_00000000000000000035,,,,,,,,,,,,
2018,Gauribidanur,0.347683118,0.263135234,0.091688911,0.539572804,0.434482733,2.64528703,0.775741064,0,,"{""type"":""MultiPoint"",""coordinates"":[]}",,1_1_1_1_1_1_2_00000000000000000036,,,,,,,,,,,,
2018,Gudibanda,0,0,0,0,0.173807996,0,0.17379679,0,,"{""type"":""MultiPoint"",""coordinates"":[]}",,1_1_1_1_1_1_2_00000000000000000037,,,,,,,,,,,,
2018,Bagepalli,1.042947551,0.118872027,0,0.16457388,2.489586986,0.709968572,1.013441961,0,,"{""type"":""MultiPoint"",""coordinates"":[]}",,1_1_1_1_1_1_2_00000000000000000038,,,,,,,,,,,,
2019,Lingala,0,0,0,0.173181671,0.433113849,0.08659032,0.086591455,0,,"{""type"":""MultiPoint"",""coordinates"":[]}",,1_1_1_1_1_2_00000000000000000000,,,,,,,,,,,,
2019,Pulivendla,0,0,0,0,0,0,0,0,,"{""type"":""MultiPoint"",""coordinates"":[]}",,1_1_1_1_1_2_00000000000000000001,,,,,,,,,,,,
2019,Vemula,0.255649117,0,0,0,0.283525903,0,0.021417393,0,,"{""type"":""MultiPoint"",""coordinates"":[]}",,1_1_1_1_1_2_00000000000000000002,,,,,,,,,,,,
2019,Vempalle,0.023460748,0,0.503574471,0.89085111,2.636171416,0.634478393,10.9700753,0,,"{""type"":""MultiPoint"",""coordinates"":[]}",,1_1_1_1_1_2_00000000000000000003,,,,,,,,,,,,
2019,Chakrayapet,0.001020105,0.100700724,0.02143295,0.120087455,1.12766918,0.537882942,1.52458325,0,,"{""type"":""MultiPoint"",""coordinates"":[]}",,1_1_1_1_1_2_00000000000000000004,,,,,,,,,,,,
2019,Galiveedu,0,0.002722636,0,0.010890538,0.452037498,0.271924651,0.61497936,0,,"{""type"":""MultiPoint"",""coordinates"":[]}",,1_1_1_1_1_2_00000000000000000005,,,,,,,,,,,,
2019,Kalyandurg,0.147755707,0,0.065895772,0,1.119886098,0.129413196,0.766299366,0,,"{""type"":""MultiPoint"",""coordinates"":[]}",,1_1_1_1_1_2_00000000000000000006,,,,,,,,,,,,
2019,Putlur,0,0,0.050583734,0.097773095,0.6613244,0.35374596,9.403107481,0,,"{""type"":""MultiPoint"",""coordinates"":[]}",,1_1_1_1_1_2_00000000000000000007,,,,,,,,,,,,
2019,Yellanur,0,0.119190205,0.050594101,0.086596619,0.346688041,0.234981912,16.07002816,0,,"{""type"":""MultiPoint"",""coordinates"":[]}",,1_1_1_1_1_2_00000000000000000008,,,,,,,,,,,,
2019,Narpala,0,0,0,0.103895474,0.086570239,0.100500322,0.844051677,0,,"{""type"":""MultiPoint"",""coordinates"":[]}",,1_1_1_1_1_2_00000000000000000009,,,,,,,,,,,,
2019,Anantapur,0,0,0,0,0,0.086589081,0.17317785,0,,"{""type"":""MultiPoint"",""coordinates"":[]}",,1_1_1_1_1_2_0000000000000000000a,,,,,,,,,,,,
2019,Raptadu,0.259848578,0,0,0.086633954,0.346464349,0.866309058,0.25992215,0,,"{""type"":""MultiPoint"",""coordinates"":[]}",,1_1_1_1_1_2_0000000000000000000b,,,,,,,,,,,,
2019,Kambadur,0,0,0.086675116,0.059141121,1.683456821,2.988467397,0.658599977,0,,"{""type"":""MultiPoint"",""coordinates"":[]}",,1_1_1_1_1_2_0000000000000000000c,,,,,,,,,,,,
2019,Kanaganapalle,1441.003189,510.6704584,661.9873483,10002.11499,9027.649505,14474.67303,9038.949069,282.3599135,,"{""type"":""MultiPoint"",""coordinates"":[]}",,1_1_1_1_1_2_0000000000000000000d,,,,,,,,,,,,
2019,Dharmavaram,237.2905758,1525.276199,735.7931581,7918.063689,7003.963274,12384.96471,5750.821699,862.5837771,,"{""type"":""MultiPoint"",""coordinates"":[]}",,1_1_1_1_1_2_0000000000000000000e,,,,,,,,,,,,
2019,Bathalapalle,158.7649436,476.1207301,323.7412363,5239.931325,4178.374164,10802.00089,2996.173708,58.82380474,,"{""type"":""MultiPoint"",""coordinates"":[]}",,1_1_1_1_1_2_0000000000000000000f,,,,,,,,,,,,
2019,Tadimarri,167.2624773,306.4728764,658.9327071,4764.93895,3749.957653,8928.778404,5388.498553,1327.567593,,"{""type"":""MultiPoint"",""coordinates"":[]}",,1_1_1_1_1_2_00000000000000000010,,,,,,,,,,,,
2019,Mudigubba,710.4362276,729.7173464,770.9325918,7603.483658,20020.5241,13534.39331,13267.67332,1588.084726,,"{""type"":""MultiPoint"",""coordinates"":[]}",,1_1_1_1_1_2_00000000000000000011,,,,,,,,,,,,
2019,Talupula,1478.547586,506.7511693,210.1020157,3169.930796,16976.10028,3430.425025,7664.435292,22.72020685,,"{""type"":""MultiPoint"",""coordinates"":[]}",,1_1_1_1_1_2_00000000000000000012,,,,,,,,,,,,
2019,Nambulipulikunta,1542.127029,745.0765924,212.9278559,3128.322461,17926.19113,2741.880558,9086.889895,183.9432591,,"{""type"":""MultiPoint"",""coordinates"":[]}",,1_1_1_1_1_2_00000000000000000013,,,,,,,,,,,,
2019,Gandlapenta,643.2508922,387.1451812,402.278114,2456.422994,16146.39786,2727.72163,11332.81979,91.32177785,,"{""type"":""MultiPoint"",""coordinates"":[]}",,1_1_1_1_1_2_00000000000000000014,,,,,,,,,,,,
2019,Kadiri,677.724164,1173.925105,389.851482,2964.439106,10401.78895,3104.496095,5192.333123,310.3834071,,"{""type"":""MultiPoint"",""coordinates"":[]}",,1_1_1_1_1_2_00000000000000000015,,,,,,,,,,,,
2019,Nallamada,240.9329014,467.2188127,220.5559577,3004.063321,11636.07393,4335.493217,5257.29834,10.14965635,,"{""type"":""MultiPoint"",""coordinates"":[]}",,1_1_1_1_1_2_00000000000000000016,,,,,,,,,,,,
2019,Bukkapatnam,175.6937933,371.0193842,802.1731474,4552.865067,6735.22933,4484.556264,10740.17886,416.2427509,,"{""type"":""MultiPoint"",""coordinates"":[]}",,1_1_1_1_1_2_00000000000000000017,,,,,,,,,,,,
2019,Kothacheruvu,212.2890324,552.8219297,604.0786776,5129.585236,3874.297434,6479.959696,3937.617062,529.1274093,,"{""type"":""MultiPoint"",""coordinates"":[]}",,1_1_1_1_1_2_00000000000000000018,,,,,,,,,,,,
2019,Chennekothapalle,460.2896946,793.2827631,888.8412995,8398.096136,7000.810509,12237.6599,6639.159133,877.497158,,"{""type"":""MultiPoint"",""coordinates"":[]}",,1_1_1_1_1_2_00000000000000000019,,,,,,,,,,,,
2019,Ramagiri,750.5250834,751.5670897,481.5407019,8321.669492,6463.62898,9994.479039,4482.524033,420.0367962,,"{""type"":""MultiPoint"",""coordinates"":[]}",,1_1_1_1_1_2_0000000000000000001a,,,,,,,,,,,,
2019,Roddam,376.1746196,613.9595113,497.1460302,14955.44003,4390.755673,11627.79331,3044.465325,268.3110058,,"{""type"":""MultiPoint"",""coordinates"":[]}",,1_1_1_1_1_2_0000000000000000001b,,,,,,,,,,,,
2019,Madakasira,481.0738178,1246.700502,507.4051277,9809.827304,6074.471526,9622.281352,4874.40818,684.5941261,,"{""type"":""MultiPoint"",""coordinates"":[]}",,1_1_1_1_1_2_0000000000000000001c,,,,,,,,,,,,
2019,Amarapuram,147.4565757,549.2923286,461.0712444,4903.598341,5368.633469,8515.449182,2687.882981,380.0172886,,"{""type"":""MultiPoint"",""coordinates"":[]}",,1_1_1_1_1_2_0000000000000000001d,,,,,,,,,,,,
2019,Gudibanda,250.6349992,761.1543168,390.9361877,4325.39666,6132.371016,6452.449167,4369.190133,278.0134078,,"{""type"":""MultiPoint"",""coordinates"":[]}",,1_1_1_1_1_2_0000000000000000001e,,,,,,,,,,,,
2019,Rolla,88.52346229,368.0076462,315.5914112,2335.195369,5012.801342,4409.690053,3410.434422,66.82425191,,"{""type"":""MultiPoint"",""coordinates"":[]}",,1_1_1_1_1_2_0000000000000000001f,,,,,,,,,,,,
2019,Agali,70.13370726,257.603344,379.0416027,1679.291232,4535.122902,3709.773383,1798.688883,71.65320328,,"{""type"":""MultiPoint"",""coordinates"":[]}",,1_1_1_1_1_2_00000000000000000020,,,,,,,,,,,,
2019,Parigi,127.7066813,725.4415304,382.9791164,3312.091373,3197.971287,6362.531087,2039.232822,95.61198419,,"{""type"":""MultiPoint"",""coordinates"":[]}",,1_1_1_1_1_2_00000000000000000021,,,,,,,,,,,,
2019,Penukonda,543.0839998,1389.444515,455.857607,5910.239199,9757.137719,5564.175301,5938.022202,735.2006888,,"{""type"":""MultiPoint"",""coordinates"":[]}",,1_1_1_1_1_2_00000000000000000022,,,,,,,,,,,,
2019,Puttaparthi,101.6856827,809.7934986,567.9012432,4440.704528,10378.24257,3314.015337,9104.997991,369.6987349,,"{""type"":""MultiPoint"",""coordinates"":[]}",,1_1_1_1_1_2_00000000000000000023,,,,,,,,,,,,
2019,Obuladevaracheruvu,281.671252,616.2046941,216.5110677,4152.237541,11547.09693,3798.740523,3852.424755,44.1653521,,"{""type"":""MultiPoint"",""coordinates"":[]}",,1_1_1_1_1_2_00000000000000000024,,,,,,,,,,,,
2019,Nallacheruvu,234.6499535,509.696359,148.4813096,2301.904608,7397.439724,1953.206716,2487.658143,74.69106563,,"{""type"":""MultiPoint"",""coordinates"":[]}",,1_1_1_1_1_2_00000000000000000025,,,,,,,,,,,,
2019,Tanakal,509.2206786,923.3448116,301.7708567,4549.469128,14835.91867,3551.079599,5537.006258,81.70662001,,"{""type"":""MultiPoint"",""coordinates"":[]}",,1_1_1_1_1_2_00000000000000000026,,,,,,,,,,,,
2019,Amadagur,493.8323988,506.5846108,179.1990302,3083.397405,14561.39528,2727.799869,4696.703711,162.7586428,,"{""type"":""MultiPoint"",""coordinates"":[]}",,1_1_1_1_1_2_00000000000000000027,,,,,,,,,,,,
2019,Gorantla,286.4290352,1196.093673,283.6088842,4380.285325,17855.30095,6353.822014,5505.06479,323.9883552,,"{""type"":""MultiPoint"",""coordinates"":[]}",,1_1_1_1_1_2_00000000000000000028,,,,,,,,,,,,
2019,Somandepalle,368.4198793,823.5084084,273.9912333,4122.327806,8861.911155,4146.613136,2484.909684,349.8060526,,"{""type"":""MultiPoint"",""coordinates"":[]}",,1_1_1_1_1_2_00000000000000000029,,,,,,,,,,,,
2019,Hindupur,173.4898956,2387.648842,567.0789731,3974.309951,5028.217114,4545.301633,3428.433499,151.9546605,,"{""type"":""MultiPoint"",""coordinates"":[]}",,1_1_1_1_1_2_0000000000000000002a,,,,,,,,,,,,
2019,Lepakshi,45.04789091,516.150731,388.7722678,3760.886084,3794.583184,4370.042944,2155.864389,78.49135685,,"{""type"":""MultiPoint"",""coordinates"":[]}",,1_1_1_1_1_2_0000000000000000002b,,,,,,,,,,,,
2019,Chilamathur,114.6327598,840.6271468,285.9461769,3422.35812,11577.69241,4316.193944,3400.208528,89.81362827,,"{""type"":""MultiPoint"",""coordinates"":[]}",,1_1_1_1_1_2_0000000000000000002c,,,,,,,,,,,,
2019,Mulakalacheruvu,0,0.086877429,0.003406839,0.010896688,2.076287197,0.713739965,0.255819492,0,,"{""type"":""MultiPoint"",""coordinates"":[]}",,1_1_1_1_1_2_0000000000000000002d,,,,,,,,,,,,
2019,Thamballapalle,0,0,0,0,0,0,0,0,,"{""type"":""MultiPoint"",""coordinates"":[]}",,1_1_1_1_1_2_0000000000000000002e,,,,,,,,,,,,
2019,Peddamandyam,0,0,0,0,0.455551088,0,0.281910089,0,,"{""type"":""MultiPoint"",""coordinates"":[]}",,1_1_1_1_1_2_0000000000000000002f,,,,,,,,,,,,
2019,Pedda Thippasamudram,0,0,0.086888776,0,0.260666327,0,0,0,,"{""type"":""MultiPoint"",""coordinates"":[]}",,1_1_1_1_1_2_00000000000000000030,,,,,,,,,,,,
2019,Challakere,0,0,0,0.548664564,0.249679919,0.097282023,0.224844346,0,,"{""type"":""MultiPoint"",""coordinates"":[]}",,1_1_1_1_1_2_00000000000000000031,,,,,,,,,,,,
2019,Hiriyur,0,0,0,0,0,0,0,0,,"{""type"":""MultiPoint"",""coordinates"":[]}",,1_1_1_1_1_2_00000000000000000032,,,,,,,,,,,,
2019,Sira,0,0.130359601,0.060244824,0.581895531,2.842259459,1.104086671,0.091571262,0,,"{""type"":""MultiPoint"",""coordinates"":[]}",,1_1_1_1_1_2_00000000000000000033,,,,,,,,,,,,
2019,Pavagada,0.086821686,0,0.276857239,6.872957981,5.611663464,6.494624428,1.60211397,0.082744067,,"{""type"":""MultiPoint"",""coordinates"":[]}",,1_1_1_1_1_2_00000000000000000034,,,,,,,,,,,,
2019,Madhugiri,0.521096118,0.265665441,0.205097222,2.38447914,3.416259773,3.262498014,1.622602609,0.35632497,,"{""type"":""MultiPoint"",""coordinates"":[]}",,1_1_1_1_1_2_00000000000000000035,,,,,,,,,,,,
2019,Gauribidanur,0,0.437310073,0.086915778,1.038820755,0.521435992,2.235321981,0.777786315,0,,"{""type"":""MultiPoint"",""coordinates"":[]}",,1_1_1_1_1_2_00000000000000000036,,,,,,,,,,,,
2019,Gudibanda,0,0,0,0,0.173807996,0,0.17379679,0,,"{""type"":""MultiPoint"",""coordinates"":[]}",,1_1_1_1_1_2_00000000000000000037,,,,,,,,,,,,
2019,Bagepalli,0.504499234,0.19823128,0,0.762428753,3.070006859,0,1.00422485,0,,"{""type"":""MultiPoint"",""coordinates"":[]}",,1_1_1_1_1_2_00000000000000000038,,,,,,,,,,,,
2020,Lingala,0,0,0,0.259771991,0.433113849,0,0.086591455,0,,"{""type"":""MultiPoint"",""coordinates"":[]}",,1_1_1_1_2_00000000000000000000,,,,,,,,,,,,
2020,Pulivendla,0,0,0,0,0,0,0,0,,"{""type"":""MultiPoint"",""coordinates"":[]}",,1_1_1_1_2_00000000000000000001,,,,,,,,,,,,
2020,Vemula,0,0,0,0,0.438547036,0,0.122045377,0,,"{""type"":""MultiPoint"",""coordinates"":[]}",,1_1_1_1_2_00000000000000000002,,,,,,,,,,,,
2020,Vempalle,0,0,0.391360432,3.157790806,1.04656904,0,11.06289116,0,,"{""type"":""MultiPoint"",""coordinates"":[]}",,1_1_1_1_2_00000000000000000003,,,,,,,,,,,,
2020,Chakrayapet,0,0.02143295,0.117366248,1.119278251,0.474840973,0,1.700458183,0,,"{""type"":""MultiPoint"",""coordinates"":[]}",,1_1_1_1_2_00000000000000000004,,,,,,,,,,,,
2020,Galiveedu,0,0,0.135112452,0.150425377,0.614710261,0,0.452306595,0,,"{""type"":""MultiPoint"",""coordinates"":[]}",,1_1_1_1_2_00000000000000000005,,,,,,,,,,,,
2020,Kalyandurg,0.065895753,0,0,0.065895066,1.443933534,0,0.653525785,0,,"{""type"":""MultiPoint"",""coordinates"":[]}",,1_1_1_1_2_00000000000000000006,,,,,,,,,,,,
2020,Putlur,0,0,0.125950672,0.043454709,0.792365696,0.237301965,9.367461629,0,,"{""type"":""MultiPoint"",""coordinates"":[]}",,1_1_1_1_2_00000000000000000007,,,,,,,,,,,,
2020,Yellanur,0,0,0.009847258,0.086596619,0.044815509,0.225134655,16.541685,0,,"{""type"":""MultiPoint"",""coordinates"":[]}",,1_1_1_1_2_00000000000000000008,,,,,,,,,,,,
2020,Narpala,0,0,0,0.107290872,0.086570239,0.097104924,0.844051677,0,,"{""type"":""MultiPoint"",""coordinates"":[]}",,1_1_1_1_2_00000000000000000009,,,,,,,,,,,,
2020,Anantapur,0,0,0,0,0,0.086589081,0.17317785,0,,"{""type"":""MultiPoint"",""coordinates"":[]}",,1_1_1_1_2_0000000000000000000a,,,,,,,,,,,,
2020,Raptadu,0,0,0,0,0.519696222,1.039559717,0.25992215,0,,"{""type"":""MultiPoint"",""coordinates"":[]}",,1_1_1_1_2_0000000000000000000b,,,,,,,,,,,,
2020,Kambadur,0,0,0.006119927,1.930569581,0.625917212,2.049807755,0.863925957,0,,"{""type"":""MultiPoint"",""coordinates"":[]}",,1_1_1_1_2_0000000000000000000c,,,,,,,,,,,,
2020,Kanaganapalle,508.4055511,516.9031569,1277.595881,13626.70027,7759.90588,11633.08997,9886.238927,230.5678647,,"{""type"":""MultiPoint"",""coordinates"":[]}",,1_1_1_1_2_0000000000000000000d,,,,,,,,,,,,
2020,Dharmavaram,265.6089888,1442.415696,1961.81388,12679.92433,4413.381509,7685.791548,7014.453107,955.3680286,,"{""type"":""MultiPoint"",""coordinates"":[]}",,1_1_1_1_2_0000000000000000000e,,,,,,,,,,,,
2020,Bathalapalle,123.1743955,476.832653,1193.636373,10410.58081,2318.247579,5987.615692,3645.440983,78.40231132,,"{""type"":""MultiPoint"",""coordinates"":[]}",,1_1_1_1_2_0000000000000000000f,,,,,,,,,,,,
2020,Tadimarri,143.9201988,269.3414385,1753.330016,8465.330016,2077.187797,4778.982166,6235.234433,1569.083149,,"{""type"":""MultiPoint"",""coordinates"":[]}",,1_1_1_1_2_00000000000000000010,,,,,,,,,,,,
2020,Mudigubba,235.9071307,616.7564118,2852.650237,16333.69695,12871.81633,7350.044852,15947.5516,2016.821783,,"{""type"":""MultiPoint"",""coordinates"":[]}",,1_1_1_1_2_00000000000000000011,,,,,,,,,,,,
2020,Talupula,110.2895206,438.1512775,934.9919676,10943.50655,9204.49627,1324.877828,10347.86884,154.8301225,,"{""type"":""MultiPoint"",""coordinates"":[]}",,1_1_1_1_2_00000000000000000012,,,,,,,,,,,,
2020,Nambulipulikunta,647.0435401,590.0129403,1007.170229,8845.400888,11484.46241,1170.416553,11290.68561,532.1666117,,"{""type"":""MultiPoint"",""coordinates"":[]}",,1_1_1_1_2_00000000000000000013,,,,,,,,,,,,
2020,Gandlapenta,123.6701276,259.7990226,731.8811661,12302.27127,6649.13317,837.3694146,13127.56731,155.6667607,,"{""type"":""MultiPoint"",""coordinates"":[]}",,1_1_1_1_2_00000000000000000014,,,,,,,,,,,,
2020,Kadiri,149.2012454,1069.285313,952.6542791,8328.524035,5338.316034,1347.338525,6477.422151,552.1998485,,"{""type"":""MultiPoint"",""coordinates"":[]}",,1_1_1_1_2_00000000000000000015,,,,,,,,,,,,
2020,Nallamada,66.19475051,430.3804606,889.5376959,8234.809735,6935.017443,1814.316904,6749.207719,52.32142466,,"{""type"":""MultiPoint"",""coordinates"":[]}",,1_1_1_1_2_00000000000000000016,,,,,,,,,,,,
2020,Bukkapatnam,94.19525614,348.8522718,1620.116696,7183.882717,4142.766115,2351.792223,12083.51494,452.8383812,,"{""type"":""MultiPoint"",""coordinates"":[]}",,1_1_1_1_2_00000000000000000017,,,,,,,,,,,,
2020,Kothacheruvu,288.2250866,497.136692,1288.682045,7892.925938,2577.548089,3615.983816,4612.030269,547.2445424,,"{""type"":""MultiPoint"",""coordinates"":[]}",,1_1_1_1_2_00000000000000000018,,,,,,,,,,,,
2020,Chennekothapalle,840.43423,759.4342611,1667.171428,13193.19368,5748.939193,7006.509091,7098.62609,981.3286163,,"{""type"":""MultiPoint"",""coordinates"":[]}",,1_1_1_1_2_00000000000000000019,,,,,,,,,,,,
2020,Ramagiri,1045.917523,708.6009622,1044.703136,10113.76983,5907.148616,7666.847376,4599.49059,579.4931793,,"{""type"":""MultiPoint"",""coordinates"":[]}",,1_1_1_1_2_0000000000000000001a,,,,,,,,,,,,
2020,Roddam,398.69856,573.0420303,1872.667297,12438.17576,4180.469117,12517.81265,3498.699492,294.4805951,,"{""type"":""MultiPoint"",""coordinates"":[]}",,1_1_1_1_2_0000000000000000001b,,,,,,,,,,,,
2020,Madakasira,357.2391927,1103.155693,1532.693371,10048.70425,5685.77419,8609.096243,5437.608924,526.4900671,,"{""type"":""MultiPoint"",""coordinates"":[]}",,1_1_1_1_2_0000000000000000001c,,,,,,,,,,,,
2020,Amarapuram,88.984613,531.4944985,1061.135292,7098.749908,4335.063112,6515.151167,3231.02446,151.7983595,,"{""type"":""MultiPoint"",""coordinates"":[]}",,1_1_1_1_2_0000000000000000001d,,,,,,,,,,,,
2020,Gudibanda,139.123629,690.8247469,929.84846,6398.031809,5448.042536,4280.193853,4858.583908,215.583771,,"{""type"":""MultiPoint"",""coordinates"":[]}",,1_1_1_1_2_0000000000000000001e,,,,,,,,,,,,
2020,Rolla,61.38500736,325.4242836,661.6015346,3805.139024,4257.691677,2980.875411,3880.249859,34.61429572,,"{""type"":""MultiPoint"",""coordinates"":[]}",,1_1_1_1_2_0000000000000000001f,,,,,,,,,,,,
2020,Agali,37.46370133,263.3219833,427.6643604,3073.23075,3430.755411,3039.810094,2204.649955,24.41200258,,"{""type"":""MultiPoint"",""coordinates"":[]}",,1_1_1_1_2_00000000000000000020,,,,,,,,,,,,
2020,Parigi,139.6656014,699.8386111,1191.248834,6642.243467,1938.225734,3029.53237,2541.929758,60.88150522,,"{""type"":""MultiPoint"",""coordinates"":[]}",,1_1_1_1_2_00000000000000000021,,,,,,,,,,,,
2020,Penukonda,723.8136329,1328.049656,1511.97579,6804.457001,7695.726504,4363.979636,6986.10633,879.0526818,,"{""type"":""MultiPoint"",""coordinates"":[]}",,1_1_1_1_2_00000000000000000022,,,,,,,,,,,,
2020,Puttaparthi,172.6443803,779.7370585,1655.207785,6229.939917,6919.809279,2251.999681,10661.41294,416.288542,,"{""type"":""MultiPoint"",""coordinates"":[]}",,1_1_1_1_2_00000000000000000023,,,,,,,,,,,,
2020,Obuladevaracheruvu,54.25160163,582.8553745,891.0154577,9897.009312,6042.965514,2039.116869,4923.34109,78.49689762,,"{""type"":""MultiPoint"",""coordinates"":[]}",,1_1_1_1_2_00000000000000000024,,,,,,,,,,,,
2020,Nallacheruvu,72.70492837,395.3796193,629.9402368,6806.221594,2798.475028,784.8860168,3367.278674,252.8417813,,"{""type"":""MultiPoint"",""coordinates"":[]}",,1_1_1_1_2_00000000000000000025,,,,,,,,,,,,
2020,Tanakal,86.85446118,715.9491754,1214.048338,14853.00601,4323.56778,1100.53628,7854.701966,140.8526172,,"{""type"":""MultiPoint"",""coordinates"":[]}",,1_1_1_1_2_00000000000000000026,,,,,,,,,,,,
2020,Amadagur,78.98878657,403.305451,762.8335989,10224.01023,7019.253886,1276.20631,6452.277641,194.7950468,,"{""type"":""MultiPoint"",""coordinates"":[]}",,1_1_1_1_2_00000000000000000027,,,,,,,,,,,,
2020,Gorantla,221.1588674,1126.279834,1804.546332,9763.986728,11673.64772,3866.723681,7314.622355,413.6275164,,"{""type"":""MultiPoint"",""coordinates"":[]}",,1_1_1_1_2_00000000000000000028,,,,,,,,,,,,
2020,Somandepalle,348.9424562,824.2940695,1049.146047,7133.226058,6061.486539,2362.864517,3301.55594,349.9717275,,"{""type"":""MultiPoint"",""coordinates"":[]}",,1_1_1_1_2_00000000000000000029,,,,,,,,,,,,
2020,Hindupur,350.0328338,2204.850161,1415.534491,6678.80283,3212.466196,2330.204478,3969.027239,95.51633924,,"{""type"":""MultiPoint"",""coordinates"":[]}",,1_1_1_1_2_0000000000000000002a,,,,,,,,,,,,
2020,Lepakshi,214.0923106,478.6108042,1353.131651,6182.490398,1988.295901,2101.922767,2665.364247,125.9307681,,"{""type"":""MultiPoint"",""coordinates"":[]}",,1_1_1_1_2_0000000000000000002b,,,,,,,,,,,,
2020,Chilamathur,151.5498975,830.3942943,1312.068151,6580.696565,7987.964834,2487.362114,4597.293276,100.1435846,,"{""type"":""MultiPoint"",""coordinates"":[]}",,1_1_1_1_2_0000000000000000002c,,,,,,,,,,,,
2020,Mulakalacheruvu,0,0,0,1.511512251,0.810537096,0.181932521,0.643045743,0,,"{""type"":""MultiPoint"",""coordinates"":[]}",,1_1_1_1_2_0000000000000000002d,,,,,,,,,,,,
2020,Thamballapalle,0,0,0,0,0,0,0,0,,"{""type"":""MultiPoint"",""coordinates"":[]}",,1_1_1_1_2_0000000000000000002e,,,,,,,,,,,,
2020,Peddamandyam,0,0,0,0.079337329,0.383706127,0,0.274417721,0,,"{""type"":""MultiPoint"",""coordinates"":[]}",,1_1_1_1_2_0000000000000000002f,,,,,,,,,,,,
2020,Pedda Thippasamudram,0,0.173777551,0,0.086888776,0,0,0.086888776,0,,"{""type"":""MultiPoint"",""coordinates"":[]}",,1_1_1_1_2_00000000000000000030,,,,,,,,,,,,
2020,Challakere,0,0,0.285046375,0.37042482,0.15477432,0.082319527,0.227905809,0,,"{""type"":""MultiPoint"",""coordinates"":[]}",,1_1_1_1_2_00000000000000000031,,,,,,,,,,,,
2020,Hiriyur,0,0,0,0,0,0,0,0,,"{""type"":""MultiPoint"",""coordinates"":[]}",,1_1_1_1_2_00000000000000000032,,,,,,,,,,,,
2020,Sira,0,0.007487779,0.44395094,0.918517498,2.32812799,0.782058427,0.330274714,0,,"{""type"":""MultiPoint"",""coordinates"":[]}",,1_1_1_1_2_00000000000000000033,,,,,,,,,,,,
2020,Pavagada,0.004082248,0,0.950417343,5.430620069,6.251715151,6.261165691,2.129782333,0,,"{""type"":""MultiPoint"",""coordinates"":[]}",,1_1_1_1_2_00000000000000000034,,,,,,,,,,,,
2020,Madhugiri,0.434246777,0.091966478,0.395903963,3.532032793,2.941082448,2.365535709,1.916930147,0.35632497,,"{""type"":""MultiPoint"",""coordinates"":[]}",,1_1_1_1_2_00000000000000000035,,,,,,,,,,,,
2020,Gauribidanur,0,0.434582288,0.061688005,2.127163777,0.524188803,1.169454697,0.780513325,0,,"{""type"":""MultiPoint"",""coordinates"":[]}",,1_1_1_1_2_00000000000000000036,,,,,,,,,,,,
2020,Gudibanda,0,0,0,0,0.173807996,0,0.17379679,0,,"{""type"":""MultiPoint"",""coordinates"":[]}",,1_1_1_1_2_00000000000000000037,,,,,,,,,,,,
2020,Bagepalli,0.097433393,0.244553094,0,1.187896672,2.865243595,0,1.144264224,0,,"{""type"":""MultiPoint"",""coordinates"":[]}",,1_1_1_1_2_00000000000000000038,,,,,,,,,,,,
2021,Lingala,0,0,0,0.086591455,0.433113849,0.173180536,0.086591455,0,,"{""type"":""MultiPoint"",""coordinates"":[]}",,1_1_1_2_00000000000000000000,,,,,,,,,,,,
2021,Pulivendla,0,0,0,0,0,0,0,0,,"{""type"":""MultiPoint"",""coordinates"":[]}",,1_1_1_2_00000000000000000001,,,,,,,,,,,,
2021,Vemula,0.100627895,0,0,0,0.262108153,0,0.197856365,0,,"{""type"":""MultiPoint"",""coordinates"":[]}",,1_1_1_2_00000000000000000002,,,,,,,,,,,,
2021,Vempalle,0.003400107,0,0.285277888,2.547441279,1.290361747,0.873520244,10.65861017,0,,"{""type"":""MultiPoint"",""coordinates"":[]}",,1_1_1_2_00000000000000000003,,,,,,,,,,,,
2021,Chakrayapet,0,0.02143295,0.051033247,0.401801634,0.467709441,0.618141846,1.873257488,0,,"{""type"":""MultiPoint"",""coordinates"":[]}",,1_1_1_2_00000000000000000004,,,,,,,,,,,,
2021,Galiveedu,0.075881863,0,0,0.010890519,0.538828398,0.139534857,0.587419046,0,,"{""type"":""MultiPoint"",""coordinates"":[]}",,1_1_1_2_00000000000000000005,,,,,,,,,,,,
2021,Kalyandurg,0.086277248,0,0.065895066,0,1.409289171,0,0.667788652,0,,"{""type"":""MultiPoint"",""coordinates"":[]}",,1_1_1_2_00000000000000000006,,,,,,,,,,,,
2021,Putlur,0,0,0,0.139528708,0.551669574,0.608703705,9.266632684,0,,"{""type"":""MultiPoint"",""coordinates"":[]}",,1_1_1_2_00000000000000000007,,,,,,,,,,,,
2021,Yellanur,0,0,0,0.24957831,0.056019345,0.086596619,16.51588477,0,,"{""type"":""MultiPoint"",""coordinates"":[]}",,1_1_1_2_00000000000000000008,,,,,,,,,,,,
2021,Narpala,0,0,0,0.201000515,0.173140582,0.003395281,0.757481334,0,,"{""type"":""MultiPoint"",""coordinates"":[]}",,1_1_1_2_00000000000000000009,,,,,,,,,,,,
2021,Anantapur,0,0,0,0.086589081,0,0,0.17317785,0,,"{""type"":""MultiPoint"",""coordinates"":[]}",,1_1_1_2_0000000000000000000a,,,,,,,,,,,,
2021,Raptadu,0,0,0,0.60644046,0.519696222,0.433119257,0.25992215,0,,"{""type"":""MultiPoint"",""coordinates"":[]}",,1_1_1_2_0000000000000000000b,,,,,,,,,,,,
2021,Kambadur,0,0,0.734634356,1.48463668,0.570777849,1.843063517,0.36249463,0.480733401,,"{""type"":""MultiPoint"",""coordinates"":[]}",,1_1_1_2_0000000000000000000c,,,,,,,,,,,,
2021,Kanaganapalle,455.4719914,512.6340775,807.6078208,13432.58771,7286.304535,12211.77363,10470.91381,262.1139228,,"{""type"":""MultiPoint"",""coordinates"":[]}",,1_1_1_2_0000000000000000000d,,,,,,,,,,,,
2021,Dharmavaram,332.6503346,1441.479048,873.4241588,11327.34489,4021.264041,9165.866021,8162.690003,1094.038584,,"{""type"":""MultiPoint"",""coordinates"":[]}",,1_1_1_2_0000000000000000000e,,,,,,,,,,,,
2021,Bathalapalle,323.2611779,471.7848236,651.7551147,6983.515388,2081.357805,9269.620409,4311.137501,141.498581,,"{""type"":""MultiPoint"",""coordinates"":[]}",,1_1_1_2_0000000000000000000f,,,,,,,,,,,,
2021,Tadimarri,365.3152424,292.6817145,630.4924382,6316.036104,1792.46733,6890.649769,7035.039885,1969.726731,,"{""type"":""MultiPoint"",""coordinates"":[]}",,1_1_1_2_00000000000000000010,,,,,,,,,,,,
2021,Mudigubba,732.3401289,604.8361387,1526.385198,11790.57554,12453.49331,11879.23812,16719.40307,2518.973786,,"{""type"":""MultiPoint"",""coordinates"":[]}",,1_1_1_2_00000000000000000011,,,,,,,,,,,,
2021,Talupula,178.1684212,380.2933031,982.9746827,8939.127244,8898.755011,3318.359048,10522.82136,238.5133023,,"{""type"":""MultiPoint"",""coordinates"":[]}",,1_1_1_2_00000000000000000012,,,,,,,,,,,,
2021,Nambulipulikunta,942.3216129,459.3079206,915.9566819,7693.816745,11122.04507,2516.532329,11202.31846,715.0599605,,"{""type"":""MultiPoint"",""coordinates"":[]}",,1_1_1_2_00000000000000000013,,,,,,,,,,,,
2021,Gandlapenta,151.3295909,235.8501019,856.7815346,11761.82357,6348.301392,2003.557809,12631.65828,198.0559681,,"{""type"":""MultiPoint"",""coordinates"":[]}",,1_1_1_2_00000000000000000014,,,,,,,,,,,,
2021,Kadiri,307.8865386,1068.985295,666.4811599,8068.508737,5048.814669,2057.659938,6318.07242,678.5326731,,"{""type"":""MultiPoint"",""coordinates"":[]}",,1_1_1_2_00000000000000000015,,,,,,,,,,,,
2021,Nallamada,149.3236492,396.4985433,599.9934924,7607.073806,6478.651676,2820.371499,7024.197189,95.67627724,,"{""type"":""MultiPoint"",""coordinates"":[]}",,1_1_1_2_00000000000000000016,,,,,,,,,,,,
2021,Bukkapatnam,147.447463,324.8460546,558.9611447,8163.913446,3485.498871,2194.52712,12810.87817,591.8863287,,"{""type"":""MultiPoint"",""coordinates"":[]}",,1_1_1_2_00000000000000000017,,,,,,,,,,,,
2021,Kothacheruvu,133.6330378,461.9217122,470.600546,7422.122617,2470.55126,4195.923824,5637.378069,527.6454115,,"{""type"":""MultiPoint"",""coordinates"":[]}",,1_1_1_2_00000000000000000018,,,,,,,,,,,,
2021,Chennekothapalle,340.5241584,705.5288981,782.2350668,11377.88393,5739.781634,8773.916701,8523.384611,1052.381591,,"{""type"":""MultiPoint"",""coordinates"":[]}",,1_1_1_2_00000000000000000019,,,,,,,,,,,,
2021,Ramagiri,301.2900593,693.0387767,952.9444833,8890.858509,5646.982692,8676.421703,5627.548743,876.8862489,,"{""type"":""MultiPoint"",""coordinates"":[]}",,1_1_1_2_0000000000000000001a,,,,,,,,,,,,
2021,Roddam,340.8615477,554.5281226,1048.854085,9231.416028,4313.12007,14915.71272,4668.345131,701.2077935,,"{""type"":""MultiPoint"",""coordinates"":[]}",,1_1_1_2_0000000000000000001b,,,,,,,,,,,,
2021,Madakasira,225.7176075,1067.770093,1135.322362,8598.562088,5451.241753,9582.064819,6484.062727,756.0204867,,"{""type"":""MultiPoint"",""coordinates"":[]}",,1_1_1_2_0000000000000000001c,,,,,,,,,,,,
2021,Amarapuram,148.7768077,550.1557714,513.3353567,7555.997128,3624.147911,6739.157761,3670.334636,211.4960389,,"{""type"":""MultiPoint"",""coordinates"":[]}",,1_1_1_2_0000000000000000001d,,,,,,,,,,,,
2021,Gudibanda,93.25973373,736.4822083,582.6049082,6301.634515,4705.96129,4804.895116,5456.751769,278.6431721,,"{""type"":""MultiPoint"",""coordinates"":[]}",,1_1_1_2_0000000000000000001e,,,,,,,,,,,,
2021,Rolla,58.95698474,351.6251513,402.9895518,4322.232759,3431.595707,3048.703637,4332.762483,58.11480131,,"{""type"":""MultiPoint"",""coordinates"":[]}",,1_1_1_2_0000000000000000001f,,,,,,,,,,,,
2021,Agali,26.20960783,279.8800725,386.3714856,4067.159573,2464.109497,2759.709914,2470.539831,47.32827553,,"{""type"":""MultiPoint"",""coordinates"":[]}",,1_1_1_2_00000000000000000020,,,,,,,,,,,,
2021,Parigi,280.0428144,642.1887578,919.3091374,3407.197638,1719.682936,5755.001737,3152.334749,367.8081121,,"{""type"":""MultiPoint"",""coordinates"":[]}",,1_1_1_2_00000000000000000021,,,,,,,,,,,,
2021,Penukonda,435.2766723,1378.086948,720.1215954,6698.474114,7202.379443,4785.527892,8083.919062,989.3755034,,"{""type"":""MultiPoint"",""coordinates"":[]}",,1_1_1_2_00000000000000000022,,,,,,,,,,,,
2021,Puttaparthi,144.7579556,757.4841816,595.8320871,7417.217823,6165.495737,1963.155848,11516.14226,526.9536894,,"{""type"":""MultiPoint"",""coordinates"":[]}",,1_1_1_2_00000000000000000023,,,,,,,,,,,,
2021,Obuladevaracheruvu,160.2757917,530.5755286,798.9943599,9980.805201,5514.190145,2192.882185,5175.776873,155.5520325,,"{""type"":""MultiPoint"",""coordinates"":[]}",,1_1_1_2_00000000000000000024,,,,,,,,,,,,
2021,Nallacheruvu,145.446096,368.5547287,420.8596669,7283.078453,2344.607977,911.9796199,3304.065603,329.1357345,,"{""type"":""MultiPoint"",""coordinates"":[]}",,1_1_1_2_00000000000000000025,,,,,,,,,,,,
2021,Tanakal,172.8610441,631.0732563,1215.191038,15187.91708,3753.026029,1270.022464,7803.607299,255.81842,,"{""type"":""MultiPoint"",""coordinates"":[]}",,1_1_1_2_00000000000000000026,,,,,,,,,,,,
2021,Amadagur,147.3727593,321.5415787,821.1153127,10988.34729,6076.232346,1233.504399,6577.328769,246.2284965,,"{""type"":""MultiPoint"",""coordinates"":[]}",,1_1_1_2_00000000000000000027,,,,,,,,,,,,
2021,Gorantla,205.0411897,1068.637742,1051.081437,10209.53814,10445.66403,4283.129702,8323.18638,598.3144082,,"{""type"":""MultiPoint"",""coordinates"":[]}",,1_1_1_2_00000000000000000028,,,,,,,,,,,,
2021,Somandepalle,214.485599,815.1400223,704.0268002,4598.97433,6065.516879,4516.888067,4039.207982,477.2476749,,"{""type"":""MultiPoint"",""coordinates"":[]}",,1_1_1_2_00000000000000000029,,,,,,,,,,,,
2021,Hindupur,464.9466255,2109.321152,996.3638105,3897.625054,2812.482143,4844.144488,4820.39316,311.1581339,,"{""type"":""MultiPoint"",""coordinates"":[]}",,1_1_1_2_0000000000000000002a,,,,,,,,,,,,
2021,Lepakshi,273.767474,451.3849848,793.0074441,3516.131174,1698.698563,4416.915504,3619.235214,340.6984903,,"{""type"":""MultiPoint"",""coordinates"":[]}",,1_1_1_2_0000000000000000002b,,,,,,,,,,,,
2021,Chilamathur,147.5107231,670.8997285,1044.115725,5436.221122,7382.708486,3488.988967,5570.497378,306.530586,,"{""type"":""MultiPoint"",""coordinates"":[]}",,1_1_1_2_0000000000000000002c,,,,,,,,,,,,
2021,Mulakalacheruvu,0,0,0.260651953,1.46377228,0.706993257,0.05178395,0.663826171,0,,"{""type"":""MultiPoint"",""coordinates"":[]}",,1_1_1_2_0000000000000000002d,,,,,,,,,,,,
2021,Thamballapalle,0,0,0,0,0,0,0,0,,"{""type"":""MultiPoint"",""coordinates"":[]}",,1_1_1_2_0000000000000000002e,,,,,,,,,,,,
2021,Peddamandyam,0,0,0,0.163432892,0.335700196,0,0.23832809,0,,"{""type"":""MultiPoint"",""coordinates"":[]}",,1_1_1_2_0000000000000000002f,,,,,,,,,,,,
2021,Pedda Thippasamudram,0,0.086888776,0,0.260666327,0,0,0,0,,"{""type"":""MultiPoint"",""coordinates"":[]}",,1_1_1_2_00000000000000000030,,,,,,,,,,,,
2021,Challakere,0,0,0.086738751,0.47927997,0.04081962,6.80E-04,0.512952184,0,,"{""type"":""MultiPoint"",""coordinates"":[]}",,1_1_1_2_00000000000000000031,,,,,,,,,,,,
2021,Hiriyur,0,0,0,0,0,0,0,0,,"{""type"":""MultiPoint"",""coordinates"":[]}",,1_1_1_2_00000000000000000032,,,,,,,,,,,,
2021,Sira,0,0.327434336,0.236400775,1.511693337,1.507948793,0.892579793,0.334360314,0,,"{""type"":""MultiPoint"",""coordinates"":[]}",,1_1_1_2_00000000000000000033,,,,,,,,,,,,
2021,Pavagada,0.08774447,0,0.56303961,5.825170637,5.985926397,5.784955357,2.520803084,0.26014328,,"{""type"":""MultiPoint"",""coordinates"":[]}",,1_1_1_2_00000000000000000034,,,,,,,,,,,,
2021,Madhugiri,0,0.352514678,0.475947977,3.039775216,2.935565104,2.734478632,2.13941671,0.35632497,,"{""type"":""MultiPoint"",""coordinates"":[]}",,1_1_1_2_00000000000000000035,,,,,,,,,,,,
2021,Gauribidanur,0,0.347666608,0.172803772,1.338104754,0.521462274,1.872625627,0.844927859,0,,"{""type"":""MultiPoint"",""coordinates"":[]}",,1_1_1_2_00000000000000000036,,,,,,,,,,,,
2021,Gudibanda,0,0,0,0,0.173807996,0,0.17379679,0,,"{""type"":""MultiPoint"",""coordinates"":[]}",,1_1_1_2_00000000000000000037,,,,,,,,,,,,
2021,Bagepalli,0.048376401,0.345371789,0.138666187,1.067955775,2.443212527,0.006132079,1.489676218,0,,"{""type"":""MultiPoint"",""coordinates"":[]}",,1_1_1_2_00000000000000000038,,,,,,,,,,,,
2022,Lingala,0,0,0.086591455,0.086590216,0.433113849,0.08659032,0.086591455,0,,"{""type"":""MultiPoint"",""coordinates"":[]}",,1_1_2_00000000000000000000,,,,,,,,,,,,
2022,Pulivendla,0,0,0,0,0,0,0,0,,"{""type"":""MultiPoint"",""coordinates"":[]}",,1_1_2_00000000000000000001,,,,,,,,,,,,
2022,Vemula,0.079210542,0,0,0,0.362736048,0,0.118645824,0,,"{""type"":""MultiPoint"",""coordinates"":[]}",,1_1_2_00000000000000000002,,,,,,,,,,,,
2022,Vempalle,0.081602568,0,0.321317125,4.122089686,0.614064876,0,10.51953718,0,,"{""type"":""MultiPoint"",""coordinates"":[]}",,1_1_2_00000000000000000003,,,,,,,,,,,,
2022,Chakrayapet,0,0.02143295,0.016330641,0.842682414,0.327906928,0.347002234,1.878021439,0,,"{""type"":""MultiPoint"",""coordinates"":[]}",,1_1_2_00000000000000000004,,,,,,,,,,,,
2022,Galiveedu,0,0,0.002722639,0.196029471,0.523153448,0.004765913,0.625883212,0,,"{""type"":""MultiPoint"",""coordinates"":[]}",,1_1_2_00000000000000000005,,,,,,,,,,,,
2022,Kalyandurg,0.172891481,0,0,0.35835348,0.964661123,0,0.733344054,0,,"{""type"":""MultiPoint"",""coordinates"":[]}",,1_1_2_00000000000000000006,,,,,,,,,,,,
2022,Putlur,0,0,0.23492559,0.214894785,0.598857944,0.349334601,9.168521749,0,,"{""type"":""MultiPoint"",""coordinates"":[]}",,1_1_2_00000000000000000007,,,,,,,,,,,,
2022,Yellanur,0,0,0.024443655,0.086596619,0.049229161,0.232264752,16.51554485,0,,"{""type"":""MultiPoint"",""coordinates"":[]}",,1_1_2_00000000000000000008,,,,,,,,,,,,
2022,Narpala,0,0,0.003395281,0.201000515,0.173140582,0,0.757481334,0,,"{""type"":""MultiPoint"",""coordinates"":[]}",,1_1_2_00000000000000000009,,,,,,,,,,,,
2022,Anantapur,0,0,0,0.086589081,0,0,0.17317785,0,,"{""type"":""MultiPoint"",""coordinates"":[]}",,1_1_2_0000000000000000000a,,,,,,,,,,,,
2022,Raptadu,0,0,0,0.606440149,0.519696222,0.433119568,0.25992215,0,,"{""type"":""MultiPoint"",""coordinates"":[]}",,1_1_2_0000000000000000000b,,,,,,,,,,,,
2022,Kambadur,0,0,0.181218087,1.194530158,0.570438087,1.952291714,0.448441784,1.129420603,,"{""type"":""MultiPoint"",""coordinates"":[]}",,1_1_2_0000000000000000000c,,,,,,,,,,,,
2022,Kanaganapalle,397.9026449,458.4761573,1036.173728,13752.28327,7320.443936,11795.69285,10366.96716,311.467762,,"{""type"":""MultiPoint"",""coordinates"":[]}",,1_1_2_0000000000000000000d,,,,,,,,,,,,
2022,Dharmavaram,200.4085651,1459.081081,923.1491877,11247.40106,4627.227734,8747.139839,8019.115734,1195.233882,,"{""type"":""MultiPoint"",""coordinates"":[]}",,1_1_2_0000000000000000000e,,,,,,,,,,,,
2022,Bathalapalle,214.831588,446.457147,659.2188704,8314.61456,2243.739954,7700.277576,4408.623193,246.1679122,,"{""type"":""MultiPoint"",""coordinates"":[]}",,1_1_2_0000000000000000000f,,,,,,,,,,,,
2022,Tadimarri,267.552846,288.090032,856.666792,7677.694752,1966.980141,5019.941909,7192.094129,2023.388612,,"{""type"":""MultiPoint"",""coordinates"":[]}",,1_1_2_00000000000000000010,,,,,,,,,,,,
2022,Mudigubba,478.5843304,634.3275787,1326.416113,13997.42397,12920.15209,9303.074234,16887.75463,2677.512352,,"{""type"":""MultiPoint"",""coordinates"":[]}",,1_1_2_00000000000000000011,,,,,,,,,,,,
2022,Talupula,100.5300916,423.7079186,611.2541839,10179.88582,8996.123128,2281.931247,10591.68577,273.8942094,,"{""type"":""MultiPoint"",""coordinates"":[]}",,1_1_2_00000000000000000012,,,,,,,,,,,,
2022,Nambulipulikunta,730.0867253,465.2028724,634.9096889,8492.446296,11701.68881,1870.934766,10992.62285,679.4667748,,"{""type"":""MultiPoint"",""coordinates"":[]}",,1_1_2_00000000000000000013,,,,,,,,,,,,
2022,Gandlapenta,79.64085467,293.9636246,813.1553399,12230.08722,6702.411716,1275.173712,12559.73045,233.1953252,,"{""type"":""MultiPoint"",""coordinates"":[]}",,1_1_2_00000000000000000014,,,,,,,,,,,,
2022,Kadiri,124.8261926,1151.546562,623.4603105,8014.459585,5673.329242,1638.317861,6251.396366,737.6053122,,"{""type"":""MultiPoint"",""coordinates"":[]}",,1_1_2_00000000000000000015,,,,,,,,,,,,
2022,Nallamada,103.0901224,430.8606254,524.1142334,8349.608146,6606.232012,2077.26621,6918.12854,162.4862424,,"{""type"":""MultiPoint"",""coordinates"":[]}",,1_1_2_00000000000000000016,,,,,,,,,,,,
2022,Bukkapatnam,80.91357625,312.0997826,698.2574224,8874.727535,3592.966937,1538.646392,12545.82464,634.5223141,,"{""type"":""MultiPoint"",""coordinates"":[]}",,1_1_2_00000000000000000017,,,,,,,,,,,,
2022,Kothacheruvu,74.36083423,441.8443264,577.5306372,7796.194451,2735.360979,3549.761023,5613.748417,530.9758116,,"{""type"":""MultiPoint"",""coordinates"":[]}",,1_1_2_00000000000000000018,,,,,,,,,,,,
2022,Chennekothapalle,214.9858471,670.4113643,899.561517,12562.05002,6049.013556,7254.124077,8570.725692,1074.764515,,"{""type"":""MultiPoint"",""coordinates"":[]}",,1_1_2_00000000000000000019,,,,,,,,,,,,
2022,Ramagiri,255.9722518,624.3295029,850.3723505,10299.96505,5217.894691,7510.454949,5643.950373,1263.032045,,"{""type"":""MultiPoint"",""coordinates"":[]}",,1_1_2_0000000000000000001a,,,,,,,,,,,,
2022,Roddam,365.563997,514.5209365,891.3663067,12439.96889,3787.518165,12150.44716,4607.221379,1017.438669,,"{""type"":""MultiPoint"",""coordinates"":[]}",,1_1_2_0000000000000000001b,,,,,,,,,,,,
2022,Madakasira,221.6662338,1035.784737,1000.91827,9823.578653,5066.074381,8429.890234,6715.979086,1006.870341,,"{""type"":""MultiPoint"",""coordinates"":[]}",,1_1_2_0000000000000000001c,,,,,,,,,,,,
2022,Amarapuram,115.0201282,551.5890893,1195.330246,10913.58347,1954.262819,4120.774109,3391.614987,771.2265636,,"{""type"":""MultiPoint"",""coordinates"":[]}",,1_1_2_0000000000000000001d,,,,,,,,,,,,
2022,Gudibanda,115.4229123,714.8960744,732.3404919,8350.751418,3159.005921,4085.4381,5353.300722,449.1638844,,"{""type"":""MultiPoint"",""coordinates"":[]}",,1_1_2_0000000000000000001e,,,,,,,,,,,,
2022,Rolla,58.16606154,329.4314026,642.0039416,5110.977111,2593.892188,2702.481592,4353.077367,216.9514266,,"{""type"":""MultiPoint"",""coordinates"":[]}",,1_1_2_0000000000000000001f,,,,,,,,,,,,
2022,Agali,55.80338629,286.0550227,765.5111965,4629.880418,1736.206953,2268.135572,2283.701951,476.0137568,,"{""type"":""MultiPoint"",""coordinates"":[]}",,1_1_2_00000000000000000020,,,,,,,,,,,,
2022,Parigi,331.4138851,647.6109433,645.4427957,6474.430487,1295.883231,3047.722519,2963.908586,837.1534338,,"{""type"":""MultiPoint"",""coordinates"":[]}",,1_1_2_00000000000000000021,,,,,,,,,,,,
2022,Penukonda,300.8154587,1278.359476,669.4143567,7107.337944,7208.88886,4562.113614,8059.351089,1106.880433,,"{""type"":""MultiPoint"",""coordinates"":[]}",,1_1_2_00000000000000000022,,,,,,,,,,,,
2022,Puttaparthi,66.33147116,750.6865676,598.5449391,7855.267633,6471.367529,1662.879023,11088.09486,593.8675591,,"{""type"":""MultiPoint"",""coordinates"":[]}",,1_1_2_00000000000000000023,,,,,,,,,,,,
2022,Obuladevaracheruvu,51.90953435,595.3019944,541.1302372,9885.413137,5778.308453,2102.423791,5289.702107,264.8628629,,"{""type"":""MultiPoint"",""coordinates"":[]}",,1_1_2_00000000000000000024,,,,,,,,,,,,
2022,Nallacheruvu,49.98140387,436.7099942,399.6565276,6287.063236,3275.810351,1189.403612,3113.078627,356.0241271,,"{""type"":""MultiPoint"",""coordinates"":[]}",,1_1_2_00000000000000000025,,,,,,,,,,,,
2022,Tanakal,68.67473975,712.08655,879.1995859,11106.97758,6613.90674,2887.069075,7635.850648,385.7517136,,"{""type"":""MultiPoint"",""coordinates"":[]}",,1_1_2_00000000000000000026,,,,,,,,,,,,
2022,Amadagur,71.89774209,439.0144329,681.7431404,9749.823065,7407.944538,1139.640399,6621.757506,299.8501234,,"{""type"":""MultiPoint"",""coordinates"":[]}",,1_1_2_00000000000000000027,,,,,,,,,,,,
2022,Gorantla,113.6740412,1102.768937,713.1754593,11590.464,9925.631945,3752.680167,8218.825233,767.3732461,,"{""type"":""MultiPoint"",""coordinates"":[]}",,1_1_2_00000000000000000028,,,,,,,,,,,,
2022,Somandepalle,139.7314744,796.8183825,400.7027126,6667.396713,5423.857842,3309.802931,4129.284809,563.892491,,"{""type"":""MultiPoint"",""coordinates"":[]}",,1_1_2_00000000000000000029,,,,,,,,,,,,
2022,Hindupur,504.3650966,2086.962929,603.0110042,6885.579426,2282.186831,2624.852328,4569.362996,700.1139561,,"{""type"":""MultiPoint"",""coordinates"":[]}",,1_1_2_0000000000000000002a,,,,,,,,,,,,
2022,Lepakshi,266.7538129,464.8300956,346.6894001,6542.284421,1169.498588,2226.406544,3499.971619,593.4043676,,"{""type"":""MultiPoint"",""coordinates"":[]}",,1_1_2_0000000000000000002b,,,,,,,,,,,,
2022,Chilamathur,118.7446692,668.8239666,462.3264085,7119.566987,7028.674783,2425.253528,5546.575291,677.507083,,"{""type"":""MultiPoint"",""coordinates"":[]}",,1_1_2_0000000000000000002c,,,,,,,,,,,,
2022,Mulakalacheruvu,0,0.086883984,0.347462378,0.733060079,1.021415802,0.359090935,0.599114432,0,,"{""type"":""MultiPoint"",""coordinates"":[]}",,1_1_2_0000000000000000002d,,,,,,,,,,,,
2022,Thamballapalle,0,0,0,0,0,0,0,0,,"{""type"":""MultiPoint"",""coordinates"":[]}",,1_1_2_0000000000000000002e,,,,,,,,,,,,
2022,Peddamandyam,0,0,0,0.187598332,0.371797708,0,0.178065138,0,,"{""type"":""MultiPoint"",""coordinates"":[]}",,1_1_2_0000000000000000002f,,,,,,,,,,,,
2022,Pedda Thippasamudram,0,0.086888776,0.086888776,0.173777551,0,0,0,0,,"{""type"":""MultiPoint"",""coordinates"":[]}",,1_1_2_00000000000000000030,,,,,,,,,,,,
2022,Challakere,0,0,0.021429277,0.565342419,0,0,0.533699156,0,,"{""type"":""MultiPoint"",""coordinates"":[]}",,1_1_2_00000000000000000031,,,,,,,,,,,,
2022,Hiriyur,0,0,0,0,0,0,0,0,,"{""type"":""MultiPoint"",""coordinates"":[]}",,1_1_2_00000000000000000032,,,,,,,,,,,,
2022,Sira,0,0,0.532233206,2.061731524,0.824366991,0.775037535,0.536376211,0.08067188,,"{""type"":""MultiPoint"",""coordinates"":[]}",,1_1_2_00000000000000000033,,,,,,,,,,,,
2022,Pavagada,0.087743969,0,0.244662432,7.814731591,4.954073594,4.721801424,2.16413827,1.040631555,,"{""type"":""MultiPoint"",""coordinates"":[]}",,1_1_2_00000000000000000034,,,,,,,,,,,,
2022,Madhugiri,0,0.095372636,0.658675296,3.591723842,2.644776694,2.220694961,2.466454887,0.35632497,,"{""type"":""MultiPoint"",""coordinates"":[]}",,1_1_2_00000000000000000035,,,,,,,,,,,,
2022,Gauribidanur,0,0.347666608,0.169408629,2.302721965,0.521449976,0.912440627,0.843903091,0,,"{""type"":""MultiPoint"",""coordinates"":[]}",,1_1_2_00000000000000000036,,,,,,,,,,,,
2022,Gudibanda,0,0,0,0,0.173807996,0,0.17379679,0,,"{""type"":""MultiPoint"",""coordinates"":[]}",,1_1_2_00000000000000000037,,,,,,,,,,,,
2022,Bagepalli,0,0.442790423,0.095046559,1.198443154,2.358375724,0.086873901,1.270984769,0.086876447,,"{""type"":""MultiPoint"",""coordinates"":[]}",,1_1_2_00000000000000000038,,,,,,,,,,,,
2023,Lingala,0,0,0,0.086590216,0.433113849,0.08659032,0.17318291,0,,"{""type"":""MultiPoint"",""coordinates"":[]}",,1_2_00000000000000000000,,,,,,,,,,,,
2023,Pulivendla,0,0,0,0,0,0,0,0,,"{""type"":""MultiPoint"",""coordinates"":[]}",,1_2_00000000000000000001,,,,,,,,,,,,
2023,Vemula,0.122045452,0,0,0,0.362735922,0,0.075811038,0,,"{""type"":""MultiPoint"",""coordinates"":[]}",,1_2_00000000000000000002,,,,,,,,,,,,
2023,Vempalle,0.002040074,0,0.445772241,3.812336747,0.890497083,0.396452011,10.11151328,0,,"{""type"":""MultiPoint"",""coordinates"":[]}",,1_2_00000000000000000003,,,,,,,,,,,,
2023,Chakrayapet,0,0.02143295,0.108183333,0.217038628,0.832736162,0.657295603,1.59668993,0,,"{""type"":""MultiPoint"",""coordinates"":[]}",,1_2_00000000000000000004,,,,,,,,,,,,
2023,Galiveedu,0.021437503,0,0.004765913,0.282820371,0.523153448,0,0.520377449,0,,"{""type"":""MultiPoint"",""coordinates"":[]}",,1_2_00000000000000000005,,,,,,,,,,,,
2023,Kalyandurg,0.282607987,0,0,0.416094048,0.933755114,0,0.59679299,0,,"{""type"":""MultiPoint"",""coordinates"":[]}",,1_2_00000000000000000006,,,,,,,,,,,,
2023,Putlur,0.192827244,0,0.032930561,0,0.297051412,1.11895402,8.924771435,0,,"{""type"":""MultiPoint"",""coordinates"":[]}",,1_2_00000000000000000007,,,,,,,,,,,,
2023,Yellanur,0,0,0.094744833,0,0.064507378,0.224116538,16.52471029,0,,"{""type"":""MultiPoint"",""coordinates"":[]}",,1_2_00000000000000000008,,,,,,,,,,,,
2023,Narpala,0,0,0,0,0.086570343,0.201000515,0.847446854,0,,"{""type"":""MultiPoint"",""coordinates"":[]}",,1_2_00000000000000000009,,,,,,,,,,,,
2023,Anantapur,0,0,0,0,0,0.086589081,0.17317785,0,,"{""type"":""MultiPoint"",""coordinates"":[]}",,1_2_0000000000000000000a,,,,,,,,,,,,
2023,Raptadu,0.519696222,0,0,0.779673871,0,0.259885846,0.25992215,0,,"{""type"":""MultiPoint"",""coordinates"":[]}",,1_2_0000000000000000000b,,,,,,,,,,,,
2023,Kambadur,0.089751205,0,0.002720076,3.471113207,0.471231185,0.926095076,0.515429683,0,,"{""type"":""MultiPoint"",""coordinates"":[]}",,1_2_0000000000000000000c,,,,,,,,,,,,
2023,Kanaganapalle,4847.355494,459.0463811,548.0891775,17087.2041,4756.095599,9390.215391,8163.938177,187.4631877,,"{""type"":""MultiPoint"",""coordinates"":[]}",,1_2_0000000000000000000d,,,,,,,,,,,,
2023,Dharmavaram,1113.686201,1654.568096,582.9346096,9323.260323,4941.062101,10780.13441,7280.651353,742.459986,,"{""type"":""MultiPoint"",""coordinates"":[]}",,1_2_0000000000000000000e,,,,,,,,,,,,
2023,Bathalapalle,639.7028977,510.4800297,431.3063195,7004.679091,2415.434482,9151.757612,4024.085666,56.48470189,,"{""type"":""MultiPoint"",""coordinates"":[]}",,1_2_0000000000000000000f,,,,,,,,,,,,
2023,Tadimarri,648.7233069,350.0502763,460.5489095,5821.825347,2485.410456,7006.309453,6950.014244,1569.527222,,"{""type"":""MultiPoint"",""coordinates"":[]}",,1_2_00000000000000000010,,,,,,,,,,,,
2023,Mudigubba,1799.376808,782.4546341,860.9177269,14267.074,12988.01341,9939.300781,15470.59727,2117.510653,,"{""type"":""MultiPoint"",""coordinates"":[]}",,1_2_00000000000000000011,,,,,,,,,,,,
2023,Talupula,395.4024105,477.7840877,579.2036097,7686.836817,9855.483671,4402.201668,9922.854637,139.2454744,,"{""type"":""MultiPoint"",""coordinates"":[]}",,1_2_00000000000000000012,,,,,,,,,,,,
2023,Nambulipulikunta,1387.551686,472.7402028,535.7301121,6162.38959,12081.75103,4100.359574,10405.43649,421.4000906,,"{""type"":""MultiPoint"",""coordinates"":[]}",,1_2_00000000000000000013,,,,,,,,,,,,
2023,Gandlapenta,179.0932924,333.8096392,745.1963327,8056.196366,7795.271491,4658.281994,12273.49339,146.0157432,,"{""type"":""MultiPoint"",""coordinates"":[]}",,1_2_00000000000000000014,,,,,,,,,,,,
2023,Kadiri,395.5887069,1280.062147,624.0998684,5175.669566,6287.471058,3835.420294,5967.370453,649.2593366,,"{""type"":""MultiPoint"",""coordinates"":[]}",,1_2_00000000000000000015,,,,,,,,,,,,
2023,Nallamada,235.6863984,479.2851711,511.0305476,5396.737419,6828.996504,4929.054977,6712.929458,78.06565757,,"{""type"":""MultiPoint"",""coordinates"":[]}",,1_2_00000000000000000016,,,,,,,,,,,,
2023,Bukkapatnam,312.6577886,373.021837,606.7958508,5822.656591,3798.11049,4559.148269,12367.76674,437.8010329,,"{""type"":""MultiPoint"",""coordinates"":[]}",,1_2_00000000000000000017,,,,,,,,,,,,
2023,Kothacheruvu,526.8475645,544.6216124,383.3616361,6477.426123,2735.043069,5046.602262,5167.841707,438.0325057,,"{""type"":""MultiPoint"",""coordinates"":[]}",,1_2_00000000000000000018,,,,,,,,,,,,
2023,Chennekothapalle,4158.288295,771.6874965,475.5291345,12078.12065,4160.428682,8331.548479,6681.354091,638.6797614,,"{""type"":""MultiPoint"",""coordinates"":[]}",,1_2_00000000000000000019,,,,,,,,,,,,
2023,Ramagiri,5712.255533,661.7658374,339.4085556,15932.70785,2208.497749,3385.463638,2925.956494,499.9155588,,"{""type"":""MultiPoint"",""coordinates"":[]}",,1_2_0000000000000000001a,,,,,,,,,,,,
2023,Roddam,2835.177763,636.25866,438.1816192,21754.93183,1908.42806,4343.255735,3580.174277,277.6375622,,"{""type"":""MultiPoint"",""coordinates"":[]}",,1_2_0000000000000000001b,,,,,,,,,,,,
2023,Madakasira,2054.309067,1251.191651,706.3074526,15494.88357,3755.207437,4053.26086,5775.530152,210.0717422,,"{""type"":""MultiPoint"",""coordinates"":[]}",,1_2_0000000000000000001c,,,,,,,,,,,,
2023,Amarapuram,946.3687322,682.8868381,560.5125314,11424.04434,1994.289881,4037.179908,3065.062824,303.0563609,,"{""type"":""MultiPoint"",""coordinates"":[]}",,1_2_0000000000000000001d,,,,,,,,,,,,
2023,Gudibanda,1612.748238,798.2238704,566.6189799,9040.960235,2914.632573,3300.225867,4549.960619,176.9491417,,"{""type"":""MultiPoint"",""coordinates"":[]}",,1_2_0000000000000000001e,,,,,,,,,,,,
2023,Rolla,820.8297264,434.8349157,432.2792756,5351.26657,2383.507612,2669.651938,3862.928536,51.94308013,,"{""type"":""MultiPoint"",""coordinates"":[]}",,1_2_0000000000000000001f,,,,,,,,,,,,
2023,Agali,446.6043915,393.6529958,390.9037173,3901.113799,1943.724887,3076.308046,2217.046241,131.9541809,,"{""type"":""MultiPoint"",""coordinates"":[]}",,1_2_00000000000000000020,,,,,,,,,,,,
2023,Parigi,585.186566,813.6547054,462.1091453,8036.324485,1169.49719,2235.455213,2606.113409,335.2251686,,"{""type"":""MultiPoint"",""coordinates"":[]}",,1_2_00000000000000000021,,,,,,,,,,,,
2023,Penukonda,3006.066752,1399.251595,452.3845548,9436.903076,5698.638026,3432.548962,6312.157386,555.2108791,,"{""type"":""MultiPoint"",""coordinates"":[]}",,1_2_00000000000000000022,,,,,,,,,,,,
2023,Puttaparthi,298.9218379,881.2054941,594.0988291,5420.63487,6971.063934,3772.08914,10743.02616,405.9993139,,"{""type"":""MultiPoint"",""coordinates"":[]}",,1_2_00000000000000000023,,,,,,,,,,,,
2023,Obuladevaracheruvu,205.7244951,671.2871985,565.4727578,7400.258582,5994.143955,4487.768339,5084.239233,100.157555,,"{""type"":""MultiPoint"",""coordinates"":[]}",,1_2_00000000000000000024,,,,,,,,,,,,
2023,Nallacheruvu,133.3230288,475.2452929,394.1512297,3115.620094,4260.675333,3550.491169,2918.081634,260.1400981,,"{""type"":""MultiPoint"",""coordinates"":[]}",,1_2_00000000000000000025,,,,,,,,,,,,
2023,Tanakal,196.0494586,800.1484645,697.9020298,6600.3167,8115.508476,6388.51979,7266.38516,224.6865482,,"{""type"":""MultiPoint"",""coordinates"":[]}",,1_2_00000000000000000026,,,,,,,,,,,,
2023,Amadagur,215.6158761,474.1968907,479.6273531,3464.239115,9338.856745,5923.270679,6334.955702,180.9085871,,"{""type"":""MultiPoint"",""coordinates"":[]}",,1_2_00000000000000000027,,,,,,,,,,,,
2023,Gorantla,574.9421184,1371.320272,644.6842996,11121.7356,9041.419029,5549.90796,7548.349017,332.2347298,,"{""type"":""MultiPoint"",""coordinates"":[]}",,1_2_00000000000000000028,,,,,,,,,,,,
2023,Somandepalle,591.3135895,921.1194937,341.5898183,9092.215101,4406.634291,2313.561712,3594.534047,170.5193027,,"{""type"":""MultiPoint"",""coordinates"":[]}",,1_2_00000000000000000029,,,,,,,,,,,,
2023,Hindupur,525.089217,2457.421996,675.3793938,7027.346703,2308.069632,3083.288507,3966.772634,213.0664845,,"{""type"":""MultiPoint"",""coordinates"":[]}",,1_2_0000000000000000002a,,,,,,,,,,,,
2023,Lepakshi,209.3850413,592.76544,380.6742553,6378.651138,1306.675405,2994.588267,3021.788098,225.3112036,,"{""type"":""MultiPoint"",""coordinates"":[]}",,1_2_0000000000000000002b,,,,,,,,,,,,
2023,Chilamathur,278.6754361,801.3174807,429.1803174,5932.110645,7472.581661,3948.129045,4999.503273,185.9748581,,"{""type"":""MultiPoint"",""coordinates"":[]}",,1_2_0000000000000000002c,,,,,,,,,,,,
2023,Mulakalacheruvu,0,0.173754761,0,0.364182609,1.478912047,0.799780364,0.330397831,0,,"{""type"":""MultiPoint"",""coordinates"":[]}",,1_2_0000000000000000002d,,,,,,,,,,,,
2023,Thamballapalle,0,0,0,0,0,0,0,0,,"{""type"":""MultiPoint"",""coordinates"":[]}",,1_2_0000000000000000002e,,,,,,,,,,,,
2023,Peddamandyam,0,0,0.079329012,0.269321169,0.271008742,0,0.117802254,0,,"{""type"":""MultiPoint"",""coordinates"":[]}",,1_2_0000000000000000002f,,,,,,,,,,,,
2023,Pedda Thippasamudram,0,0.086888776,0,0.260666327,0,0,0,0,,"{""type"":""MultiPoint"",""coordinates"":[]}",,1_2_00000000000000000030,,,,,,,,,,,,
2023,Challakere,0,0,0,0.507857658,0.037758183,0.098984821,0.475870189,0,,"{""type"":""MultiPoint"",""coordinates"":[]}",,1_2_00000000000000000031,,,,,,,,,,,,
2023,Hiriyur,0,0,0,0,0,0,0,0,,"{""type"":""MultiPoint"",""coordinates"":[]}",,1_2_00000000000000000032,,,,,,,,,,,,
2023,Sira,0.086886725,0.08067188,0.147142905,1.885822467,0.959706883,0.834755041,0.815431446,0,,"{""type"":""MultiPoint"",""coordinates"":[]}",,1_2_00000000000000000033,,,,,,,,,,,,
2023,Pavagada,3.068862228,0.006119241,0.193020785,12.43711959,2.197720009,1.33869581,1.78624517,0,,"{""type"":""MultiPoint"",""coordinates"":[]}",,1_2_00000000000000000034,,,,,,,,,,,,
2023,Madhugiri,1.325630245,0.095372636,0.274552751,4.559928268,1.659808255,1.776554106,2.342177025,0,,"{""type"":""MultiPoint"",""coordinates"":[]}",,1_2_00000000000000000035,,,,,,,,,,,,
2023,Gauribidanur,0,0.347666608,0.271649673,2.221950357,0.525885842,0.808465394,0.92197302,0,,"{""type"":""MultiPoint"",""coordinates"":[]}",,1_2_00000000000000000036,,,,,,,,,,,,
2023,Gudibanda,0,0,0,0.086898444,0.173807996,0,0.086898346,0,,"{""type"":""MultiPoint"",""coordinates"":[]}",,1_2_00000000000000000037,,,,,,,,,,,,
2023,Bagepalli,0.206407122,0.317107927,0.051789737,1.036650586,2.488154024,0.176479187,1.262802393,0,,"{""type"":""MultiPoint"",""coordinates"":[]}",,1_2_00000000000000000038,,,,,,,,,,,,
2024,Lingala,0,0,0,0.173180536,0.433113849,0,0.17318291,0,,"{""type"":""MultiPoint"",""coordinates"":[]}",,2_00000000000000000000,,,,,,,,,,,,
2024,Pulivendla,0,0,0,0,0,0,0,0,,"{""type"":""MultiPoint"",""coordinates"":[]}",,2_00000000000000000001,,,,,,,,,,,,
2024,Vemula,0,0,0,0,0.441946539,0,0.118645874,0,,"{""type"":""MultiPoint"",""coordinates"":[]}",,2_00000000000000000002,,,,,,,,,,,,
2024,Vempalle,0.081602568,0,0.502893427,4.092157221,1.093500024,0.23325258,9.655205616,0,,"{""type"":""MultiPoint"",""coordinates"":[]}",,2_00000000000000000003,,,,,,,,,,,,
2024,Chakrayapet,0,0.02143295,0.173498706,0.862038253,0.429976651,0.193923479,1.752506567,0,,"{""type"":""MultiPoint"",""coordinates"":[]}",,2_00000000000000000004,,,,,,,,,,,,
2024,Galiveedu,0,0,0,0.362133697,0.452003728,0.0867909,0.451626358,0,,"{""type"":""MultiPoint"",""coordinates"":[]}",,2_00000000000000000005,,,,,,,,,,,,
2024,Kalyandurg,0,0,0.01222811,0.233012973,1.092038465,0,0.89197059,0,,"{""type"":""MultiPoint"",""coordinates"":[]}",,2_00000000000000000006,,,,,,,,,,,,
2024,Putlur,0,0,0.244092839,0.076045558,0.29738971,1.173611968,8.775394595,0,,"{""type"":""MultiPoint"",""coordinates"":[]}",,2_00000000000000000007,,,,,,,,,,,,
2024,Yellanur,0,0,0.048217655,0.015278217,0.439030016,0.002716491,16.40283666,0,,"{""type"":""MultiPoint"",""coordinates"":[]}",,2_00000000000000000008,,,,,,,,,,,,
2024,Narpala,0,0,0,0.290966139,0,0,0.844051573,0,,"{""type"":""MultiPoint"",""coordinates"":[]}",,2_00000000000000000009,,,,,,,,,,,,
2024,Anantapur,0,0,0,0.086589081,0,0,0.17317785,0,,"{""type"":""MultiPoint"",""coordinates"":[]}",,2_0000000000000000000a,,,,,,,,,,,,
2024,Raptadu,0,0,0.086634778,0.779715228,0.519696222,0.259850427,0.173281433,0,,"{""type"":""MultiPoint"",""coordinates"":[]}",,2_0000000000000000000b,,,,,,,,,,,,
2024,Kambadur,0,0,0.56330116,2.718305132,0.523213211,1.32390927,0.347611659,0,,"{""type"":""MultiPoint"",""coordinates"":[]}",,2_0000000000000000000c,,,,,,,,,,,,
2024,Kanaganapalle,487.2877196,578.6502144,1416.870697,17200.81032,7564.191789,9178.505945,8759.505311,253.5855044,,"{""type"":""MultiPoint"",""coordinates"":[]}",,2_0000000000000000000d,,,,,,,,,,,,
2024,Dharmavaram,197.5184466,1872.354521,1256.935408,13948.49241,4396.149551,6665.99708,7005.553867,1075.755798,,"{""type"":""MultiPoint"",""coordinates"":[]}",,2_0000000000000000000e,,,,,,,,,,,,
2024,Bathalapalle,195.8736203,604.5338051,941.8440032,8897.611067,2837.00449,6873.864307,3707.687852,175.5116555,,"{""type"":""MultiPoint"",""coordinates"":[]}",,2_0000000000000000000f,,,,,,,,,,,,
2024,Tadimarri,389.6203909,431.74647,778.8902295,7344.582239,2725.123493,5664.906488,6152.604132,1804.935772,,"{""type"":""MultiPoint"",""coordinates"":[]}",,2_00000000000000000010,,,,,,,,,,,,
2024,Mudigubba,496.1466635,971.9457038,1695.113827,19645.58277,11837.25265,6652.908233,14536.03248,2390.26296,,"{""type"":""MultiPoint"",""coordinates"":[]}",,2_00000000000000000011,,,,,,,,,,,,
2024,Talupula,119.8137736,593.4804315,909.2095654,10759.15921,9225.984549,2475.574203,9274.218871,101.5717732,,"{""type"":""MultiPoint"",""coordinates"":[]}",,2_00000000000000000012,,,,,,,,,,,,
2024,Nambulipulikunta,747.234937,502.3929551,971.3609225,14616.67792,6827.017962,1187.262135,10219.63697,495.7749737,,"{""type"":""MultiPoint"",""coordinates"":[]}",,2_00000000000000000013,,,,,,,,,,,,
2024,Gandlapenta,95.71711877,408.4741051,1185.385548,16025.26364,3883.586481,732.1220819,11664.28896,192.5203169,,"{""type"":""MultiPoint"",""coordinates"":[]}",,2_00000000000000000014,,,,,,,,,,,,
2024,Kadiri,202.3969163,1449.722969,961.5563583,10325.02462,3944.195366,1027.690232,5652.403196,651.951774,,"{""type"":""MultiPoint"",""coordinates"":[]}",,2_00000000000000000015,,,,,,,,,,,,
2024,Nallamada,192.5469691,623.7070978,913.7954953,13379.10617,2601.073713,819.000079,6581.180671,61.37594019,,"{""type"":""MultiPoint"",""coordinates"":[]}",,2_00000000000000000016,,,,,,,,,,,,
2024,Bukkapatnam,90.54619335,471.4293753,1201.477855,11516.59539,1693.132363,633.6989249,12137.63475,533.4437399,,"{""type"":""MultiPoint"",""coordinates"":[]}",,2_00000000000000000017,,,,,,,,,,,,
2024,Kothacheruvu,225.3449894,616.3999696,1098.700682,10000.8535,1929.86239,1798.260078,5181.342694,469.0121731,,"{""type"":""MultiPoint"",""coordinates"":[]}",,2_00000000000000000018,,,,,,,,,,,,
2024,Chennekothapalle,530.3724974,915.4243321,1434.281916,16606.20762,4933.632038,4441.14138,7508.022655,926.5541534,,"{""type"":""MultiPoint"",""coordinates"":[]}",,2_00000000000000000019,,,,,,,,,,,,
2024,Ramagiri,310.4258383,799.7691622,1400.083522,12706.44227,4913.554497,5885.721832,5019.368502,630.6055893,,"{""type"":""MultiPoint"",""coordinates"":[]}",,2_0000000000000000001a,,,,,,,,,,,,
2024,Roddam,270.2747954,716.0453807,1611.197369,12180.21148,4906.869106,11500.84833,3999.394058,589.2049774,,"{""type"":""MultiPoint"",""coordinates"":[]}",,2_0000000000000000001b,,,,,,,,,,,,
2024,Madakasira,128.0130351,1345.957036,1637.042874,13058.46223,6251.939237,4028.591951,6424.304552,426.4510155,,"{""type"":""MultiPoint"",""coordinates"":[]}",,2_0000000000000000001c,,,,,,,,,,,,
2024,Amarapuram,100.3496007,720.0586541,1306.28246,8517.332226,4616.285869,3783.606759,3268.51241,700.9734319,,"{""type"":""MultiPoint"",""coordinates"":[]}",,2_0000000000000000001d,,,,,,,,,,,,
2024,Gudibanda,95.98169471,908.0244434,1110.221827,9693.937377,3905.651555,1554.354645,5213.107675,478.9534613,,"{""type"":""MultiPoint"",""coordinates"":[]}",,2_0000000000000000001e,,,,,,,,,,,,
2024,Rolla,30.01792698,500.6811418,871.5843324,6127.117334,2773.872685,1181.692816,4299.109823,223.2524504,,"{""type"":""MultiPoint"",""coordinates"":[]}",,2_0000000000000000001f,,,,,,,,,,,,
2024,Agali,40.21635738,466.864363,837.6314421,5480.562993,1989.026854,998.7852911,2307.920315,380.3006411,,"{""type"":""MultiPoint"",""coordinates"":[]}",,2_00000000000000000020,,,,,,,,,,,,
2024,Parigi,127.36121,901.1579022,940.1454844,6796.957597,2218.516411,2153.868354,2532.381231,573.177692,,"{""type"":""MultiPoint"",""coordinates"":[]}",,2_00000000000000000021,,,,,,,,,,,,
2024,Penukonda,352.3567656,1661.088571,1262.735665,9232.623939,6849.079278,2761.973907,7156.092434,1017.210671,,"{""type"":""MultiPoint"",""coordinates"":[]}",,2_00000000000000000022,,,,,,,,,,,,
2024,Puttaparthi,205.3064621,1095.720916,1267.06992,10402.23981,4461.92922,661.7970823,10496.89362,496.0825479,,"{""type"":""MultiPoint"",""coordinates"":[]}",,2_00000000000000000023,,,,,,,,,,,,
2024,Obuladevaracheruvu,104.6228614,798.9923439,1173.394152,11466.68275,4366.186095,1169.739252,5261.394999,168.0396664,,"{""type"":""MultiPoint"",""coordinates"":[]}",,2_00000000000000000024,,,,,,,,,,,,
2024,Nallacheruvu,57.13949571,529.4713773,621.4999556,7052.216148,2906.800654,794.4178867,2846.912785,299.2695758,,"{""type"":""MultiPoint"",""coordinates"":[]}",,2_00000000000000000025,,,,,,,,,,,,
2024,Tanakal,70.12017622,898.3010213,1453.058647,14422.30988,4604.663653,1343.219053,7209.451841,288.3923549,,"{""type"":""MultiPoint"",""coordinates"":[]}",,2_00000000000000000026,,,,,,,,,,,,
2024,Amadagur,63.75831468,532.7553282,745.9745252,11007.83062,6518.191629,896.8299562,6357.527427,288.8031515,,"{""type"":""MultiPoint"",""coordinates"":[]}",,2_00000000000000000027,,,,,,,,,,,,
2024,Gorantla,216.6216912,1578.941518,1681.716739,15670.97105,7625.050806,1432.207551,7456.111701,522.971969,,"{""type"":""MultiPoint"",""coordinates"":[]}",,2_00000000000000000028,,,,,,,,,,,,
2024,Somandepalle,128.8482657,962.4439485,895.8112847,8198.802463,5678.869461,1694.215016,3448.645452,423.851463,,"{""type"":""MultiPoint"",""coordinates"":[]}",,2_00000000000000000029,,,,,,,,,,,,
2024,Hindupur,91.41637067,2654.743363,1376.107766,7561.565084,2868.745998,1364.746126,3917.454187,421.6556734,,"{""type"":""MultiPoint"",""coordinates"":[]}",,2_0000000000000000002a,,,,,,,,,,,,
2024,Lepakshi,35.04964335,665.7368245,1063.03848,6989.753853,1843.442166,1418.624693,2892.264876,201.9283122,,"{""type"":""MultiPoint"",""coordinates"":[]}",,2_0000000000000000002b,,,,,,,,,,,,
2024,Chilamathur,99.64947899,951.9265273,943.8271503,9316.332708,6241.073814,1352.393151,4829.980435,312.2894513,,"{""type"":""MultiPoint"",""coordinates"":[]}",,2_0000000000000000002c,,,,,,,,,,,,
2024,Mulakalacheruvu,0,0.347523999,0.260594666,1.344286665,0.457080749,0.192147609,0.545393923,0,,"{""type"":""MultiPoint"",""coordinates"":[]}",,2_0000000000000000002d,,,,,,,,,,,,
2024,Thamballapalle,0,0,0,0,0,0,0,0,,"{""type"":""MultiPoint"",""coordinates"":[]}",,2_0000000000000000002e,,,,,,,,,,,,
2024,Peddamandyam,0,0,0.062646224,0.588335832,0.00476655,0,0.081712572,0,,"{""type"":""MultiPoint"",""coordinates"":[]}",,2_0000000000000000002f,,,,,,,,,,,,
2024,Pedda Thippasamudram,0,0,0.086888776,0,0.086888776,0.086888776,0.086888776,0,,"{""type"":""MultiPoint"",""coordinates"":[]}",,2_00000000000000000030,,,,,,,,,,,,
2024,Challakere,0,0,0.086738855,0.71704902,0.104430211,0,0.212252766,0,,"{""type"":""MultiPoint"",""coordinates"":[]}",,2_00000000000000000031,,,,,,,,,,,,
2024,Hiriyur,0,0,0,0,0,0,0,0,,"{""type"":""MultiPoint"",""coordinates"":[]}",,2_00000000000000000032,,,,,,,,,,,,
2024,Sira,0.003403877,0.085096479,0.439864537,2.322390952,0.67270907,0.32880268,0.958149753,0,,"{""type"":""MultiPoint"",""coordinates"":[]}",,2_00000000000000000033,,,,,,,,,,,,
2024,Pavagada,0.002041132,0,0.953149061,7.848914799,5.480308352,4.713296175,2.030073317,0,,"{""type"":""MultiPoint"",""coordinates"":[]}",,2_00000000000000000034,,,,,,,,,,,,
2024,Madhugiri,0,0.095372636,0.455128988,4.947748421,2.866984741,0.819440573,2.493022959,0.35632497,,"{""type"":""MultiPoint"",""coordinates"":[]}",,2_00000000000000000035,,,,,,,,,,,,
2024,Gauribidanur,0,0.434582288,0.582821028,2.176924544,0.347661884,0.528659266,1.026941885,0,,"{""type"":""MultiPoint"",""coordinates"":[]}",,2_00000000000000000036,,,,,,,,,,,,
2024,Gudibanda,0,0,0.086898444,0.173807996,0,0,0.086898346,0,,"{""type"":""MultiPoint"",""coordinates"":[]}",,2_00000000000000000037,,,,,,,,,,,,
2024,Bagepalli,0.056552685,0.500697907,0.086873901,1.614943438,1.582558197,0.268765468,1.428999381,0,,"{""type"":""MultiPoint"",""coordinates"":[]}",,2_00000000000000000038,,,,,,,,,,,,
,,,,,,,,,,,,,,,,,,,,,,,,,
,,,,,,,,,,,,,,,,,,,,,,,,,
,,,,,,,,,,,,,,,,,,,,,,,,,
,,,,,,,,,,,,,,,,,,,,,,,,,
,,,,,,,,,,,,,,,,,,,,,,,,,
,,,,,,,,,,,,,,,,,,,,,,,,,
,,,,,,,,,,,,,,,,,,,,,,,,,
,,,,,,,,,,,,,,,,,,,,,,,,,
,,,,,,,,,,,,,,,,,,,,,,,,,
,,,,,,,,,,,,,,,,,,,,,,,,,
,,,,,,,,,,,,,,,,,,,,,,,,,
,,,,,,,,,,,,,,,,,,,,,,,,,
,,,,,,,,,,,,,,,,,,,,,,,,,
,,,,,,,,,,,,,,,,,,,,,,,,,
,,,,,,,,,,,,,,,,,,,,,,,,,
,,,,,,,,,,,,,,,,,,,,,,,,,
,,,,,,,,,,,,,,,,,,,,,,,,,
,,,,,,,,,,,,,,,,,,,,,,,,,
,,,,,,,,,,,,,,,,,,,,,,,,,
,,,,,,,,,,,,,,,,,,,,,,,,,
,,,,,,,,,,,,,,,,,,,,,,,,,
,,,,,,,,,,,,,,,,,,,,,,,,,
,,,,,,,,,,,,,,,,,,,,,,,,,
,,,,,,,,,,,,,,,,,,,,,,,,,
,,,,,,,,,,,,,,,,,,,,,,,,,
,,,,,,,,,,,,,,,,,,,,,,,,,
,,,,,,,,,,,,,,,,,,,,,,,,,
,,,,,,,,,,,,,,,,,,,,,,,,,
,,,,,,,,,,,,,,,,,,,,,,,,,
,,,,,,,,,,,,,,,,,,,,,,,,,
,,,,,,,,,,,,,,,,,,,,,,,,,
,,,,,,,,,,,,,,,,,,,,,,,,,
,,,,,,,,,,,,,,,,,,,,,,,,,
,,,,,,,,,,,,,,,,,,,,,,,,,
,,,,,,,,,,,,,,,,,,,,,,,,,
,,,,,,,,,,,,,,,,,,,,,,,,,
,,,,,,,,,,,,,,,,,,,,,,,,,
,,,,,,,,,,,,,,,,,,,,,,,,,
,,,,,,,,,,,,,,,,,,,,,,,,,
,,,,,,,,,,,,,,,,,,,,,,,,,
,,,,,,,,,,,,,,,,,,,,,,,,,
,,,,,,,,,,,,,,,,,,,,,,,,,
,,,,,,,,,,,,,,,,,,,,,,,,,
,,,,,,,,,,,,,,,,,,,,,,,,,
,,,,,,,,,,,,,,,,,,,,,,,,,
,,,,,,,,,,,,,,,,,,,,,,,,,
,,,,,,,,,,,,,,,,,,,,,,,,,
,,,,,,,,,,,,,,,,,,,,,,,,,
,,,,,,,,,,,,,,,,,,,,,,,,,
,,,,,,,,,,,,,,,,,,,,,,,,,
,,,,,,,,,,,,,,,,,,,,,,,,,
,,,,,,,,,,,,,,,,,,,,,,,,,
,,,,,,,,,,,,,,,,,,,,,,,,,
,,,,,,,,,,,,,,,,,,,,,,,,,
,,,,,,,,,,,,,,,,,,,,,,,,,
,,,,,,,,,,,,,,,,,,,,,,,,,
,,,,,,,,,,,,,,,,,,,,,,,,,
,,,,,,,,,,,,,,,,,,,,,,,,,
,,,,,,,,,,,,,,,,,,,,,,,,,
,,,,,,,,,,,,,,,,,,,,,,,,,
,,,,,,,,,,,,,,,,,,,,,,,,,
,,,,,,,,,,,,,,,,,,,,,,,,,
,,,,,,,,,,,,,,,,,,,,,,,,,
,,,,,,,,,,,,,,,,,,,,,,,,,
,,,,,,,,,,,,,,,,,,,,,,,,,
,,,,,,,,,,,,,,,,,,,,,,,,,
,,,,,,,,,,,,,,,,,,,,,,,,,
,,,,,,,,,,,,,,,,,,,,,,,,,
,,,,,,,,,,,,,,,,,,,,,,,,,
,,,,,,,,,,,,,,,,,,,,,,,,,
,,,,,,,,,,,,,,,,,,,,,,,,,
,,,,,,,,,,,,,,,,,,,,,,,,,
,,,,,,,,,,,,,,,,,,,,,,,,,
,,,,,,,,,,,,,,,,,,,,,,,,,
,,,,,,,,,,,,,,,,,,,,,,,,,
,,,,,,,,,,,,,,,,,,,,,,,,,
,,,,,,,,,,,,,,,,,,,,,,,,,
,,,,,,,,,,,,,,,,,,,,,,,,,
,,,,,,,,,,,,,,,,,,,,,,,,,
,,,,,,,,,,,,,,,,,,,,,,,,,
,,,,,,,,,,,,,,,,,,,,,,,,,
,,,,,,,,,,,,,,,,,,,,,,,,,
,,,,,,,,,,,,,,,,,,,,,,,,,
,,,,,,,,,,,,,,,,,,,,,,,,,
,,,,,,,,,,,,,,,,,,,,,,,,,
,,,,,,,,,,,,,,,,,,,,,,,,,
,,,,,,,,,,,,,,,,,,,,,,,,,
,,,,,,,,,,,,,,,,,,,,,,,,,
,,,,,,,,,,,,,,,,,,,,,,,,,
,,,,,,,,,,,,,,,,,,,,,,,,,
,,,,,,,,,,,,,,,,,,,,,,,,,
,,,,,,,,,,,,,,,,,,,,,,,,,
,,,,,,,,,,,,,,,,,,,,,,,,,
,,,,,,,,,,,,,,,,,,,,,,,,,
,,,,,,,,,,,,,,,,,,,,,,,,,
,,,,,,,,,,,,,,,,,,,,,,,,,
,,,,,,,,,,,,,,,,,,,,,,,,,
,,,,,,,,,,,,,,,,,,,,,,,,,
,,,,,,,,,,,,,,,,,,,,,,,,,
,,,,,,,,,,,,,,,,,,,,,,,,,
,,,,,,,,,,,,,,,,,,,,,,,,,
,,,,,,,,,,,,,,,,,,,,,,,,,
,,,,,,,,,,,,,,,,,,,,,,,,,
,,,,,,,,,,,,,,,,,,,,,,,,,
,,,,,,,,,,,,,,,,,,,,,,,,,
,,,,,,,,,,,,,,,,,,,,,,,,,
,,,,,,,,,,,,,,,,,,,,,,,,,
,,,,,,,,,,,,,,,,,,,,,,,,,
,,,,,,,,,,,,,,,,,,,,,,,,,
,,,,,,,,,,,,,,,,,,,,,,,,,
,,,,,,,,,,,,,,,,,,,,,,,,,
,,,,,,,,,,,,,,,,,,,,,,,,,
,,,,,,,,,,,,,,,,,,,,,,,,,
,,,,,,,,,,,,,,,,,,,,,,,,,
,,,,,,,,,,,,,,,,,,,,,,,,,
,,,,,,,,,,,,,,,,,,,,,,,,,
,,,,,,,,,,,,,,,,,,,,,,,,,
,,,,,,,,,,,,,,,,,,,,,,,,,
,,,,,,,,,,,,,,,,,,,,,,,,,
,,,,,,,,,,,,,,,,,,,,,,,,,
,,,,,,,,,,,,,,,,,,,,,,,,,
,,,,,,,,,,,,,,,,,,,,,,,,,
,,,,,,,,,,,,,,,,,,,,,,,,,
,,,,,,,,,,,,,,,,,,,,,,,,,
,,,,,,,,,,,,,,,,,,,,,,,,,
,,,,,,,,,,,,,,,,,,,,,,,,,
,,,,,,,,,,,,,,,,,,,,,,,,,
,,,,,,,,,,,,,,,,,,,,,,,,,
,,,,,,,,,,,,,,,,,,,,,,,,,
,,,,,,,,,,,,,,,,,,,,,,,,,
,,,,,,,,,,,,,,,,,,,,,,,,,
,,,,,,,,,,,,,,,,,,,,,,,,,
,,,,,,,,,,,,,,,,,,,,,,,,,
,,,,,,,,,,,,,,,,,,,,,,,,,
,,,,,,,,,,,,,,,,,,,,,,,,,
,,,,,,,,,,,,,,,,,,,,,,,,,
,,,,,,,,,,,,,,,,,,,,,,,,,
,,,,,,,,,,,,,,,,,,,,,,,,,
,,,,,,,,,,,,,,,,,,,,,,,,,
,,,,,,,,,,,,,,,,,,,,,,,,,
,,,,,,,,,,,,,,,,,,,,,,,,,
,,,,,,,,,,,,,,,,,,,,,,,,,
,,,,,,,,,,,,,,,,,,,,,,,,,
,,,,,,,,,,,,,,,,,,,,,,,,,
,,,,,,,,,,,,,,,,,,,,,,,,,
,,,,,,,,,,,,,,,,,,,,,,,,,
,,,,,,,,,,,,,,,,,,,,,,,,,
,,,,,,,,,,,,,,,,,,,,,,,,,
,,,,,,,,,,,,,,,,,,,,,,,,,
,,,,,,,,,,,,,,,,,,,,,,,,,
,,,,,,,,,,,,,,,,,,,,,,,,,
,,,,,,,,,,,,,,,,,,,,,,,,,
,,,,,,,,,,,,,,,,,,,,,,,,,
,,,,,,,,,,,,,,,,,,,,,,,,,
,,,,,,,,,,,,,,,,,,,,,,,,,
,,,,,,,,,,,,,,,,,,,,,,,,,
,,,,,,,,,,,,,,,,,,,,,,,,,
,,,,,,,,,,,,,,,,,,,,,,,,,
,,,,,,,,,,,,,,,,,,,,,,,,,
,,,,,,,,,,,,,,,,,,,,,,,,,
,,,,,,,,,,,,,,,,,,,,,,,,,
,,,,,,,,,,,,,,,,,,,,,,,,,
,,,,,,,,,,,,,,,,,,,,,,,,,
,,,,,,,,,,,,,,,,,,,,,,,,,
,,,,,,,,,,,,,,,,,,,,,,,,,
,,,,,,,,,,,,,,,,,,,,,,,,,
,,,,,,,,,,,,,,,,,,,,,,,,,
,,,,,,,,,,,,,,,,,,,,,,,,,
,,,,,,,,,,,,,,,,,,,,,,,,,
,,,,,,,,,,,,,,,,,,,,,,,,,
,,,,,,,,,,,,,,,,,,,,,,,,,
,,,,,,,,,,,,,,,,,,,,,,,,,
,,,,,,,,,,,,,,,,,,,,,,,,,
,,,,,,,,,,,,,,,,,,,,,,,,,
,,,,,,,,,,,,,,,,,,,,,,,,,
,,,,,,,,,,,,,,,,,,,,,,,,,
,,,,,,,,,,,,,,,,,,,,,,,,,
,,,,,,,,,,,,,,,,,,,,,,,,,
,,,,,,,,,,,,,,,,,,,,,,,,,
,,,,,,,,,,,,,,,,,,,,,,,,,
,,,,,,,,,,,,,,,,,,,,,,,,,
,,,,,,,,,,,,,,,,,,,,,,,,,
,,,,,,,,,,,,,,,,,,,,,,,,,
,,,,,,,,,,,,,,,,,,,,,,,,,
,,,,,,,,,,,,,,,,,,,,,,,,,
,,,,,,,,,,,,,,,,,,,,,,,,,
,,,,,,,,,,,,,,,,,,,,,,,,,
,,,,,,,,,,,,,,,,,,,,,,,,,
,,,,,,,,,,,,,,,,,,,,,,,,,
,,,,,,,,,,,,,,,,,,,,,,,,,
,,,,,,,,,,,,,,,,,,,,,,,,,
,,,,,,,,,,,,,,,,,,,,,,,,,
,,,,,,,,,,,,,,,,,,,,,,,,,
,,,,,,,,,,,,,,,,,,,,,,,,,
,,,,,,,,,,,,,,,,,,,,,,,,,
,,,,,,,,,,,,,,,,,,,,,,,,,
,,,,,,,,,,,,,,,,,,,,,,,,,
,,,,,,,,,,,,,,,,,,,,,,,,,
,,,,,,,,,,,,,,,,,,,,,,,,,
,,,,,,,,,,,,,,,,,,,,,,,,,
,,,,,,,,,,,,,,,,,,,,,,,,,
,,,,,,,,,,,,,,,,,,,,,,,,,
,,,,,,,,,,,,,,,,,,,,,,,,,
,,,,,,,,,,,,,,,,,,,,,,,,,
,,,,,,,,,,,,,,,,,,,,,,,,,
,,,,,,,,,,,,,,,,,,,,,,,,,
,,,,,,,,,,,,,,,,,,,,,,,,,
,,,,,,,,,,,,,,,,,,,,,,,,,
,,,,,,,,,,,,,,,,,,,,,,,,,
,,,,,,,,,,,,,,,,,,,,,,,,,
,,,,,,,,,,,,,,,,,,,,,,,,,
,,,,,,,,,,,,,,,,,,,,,,,,,
,,,,,,,,,,,,,,,,,,,,,,,,,
,,,,,,,,,,,,,,,,,,,,,,,,,
,,,,,,,,,,,,,,,,,,,,,,,,,
,,,,,,,,,,,,,,,,,,,,,,,,,
,,,,,,,,,,,,,,,,,,,,,,,,,
,,,,,,,,,,,,,,,,,,,,,,,,,
,,,,,,,,,,,,,,,,,,,,,,,,,
,,,,,,,,,,,,,,,,,,,,,,,,,
,,,,,,,,,,,,,,,,,,,,,,,,,
,,,,,,,,,,,,,,,,,,,,,,,,,
,,,,,,,,,,,,,,,,,,,,,,,,,
,,,,,,,,,,,,,,,,,,,,,,,,,
,,,,,,,,,,,,,,,,,,,,,,,,,
,,,,,,,,,,,,,,,,,,,,,,,,,
,,,,,,,,,,,,,,,,,,,,,,,,,
,,,,,,,,,,,,,,,,,,,,,,,,,
,,,,,,,,,,,,,,,,,,,,,,,,,
,,,,,,,,,,,,,,,,,,,,,,,,,
,,,,,,,,,,,,,,,,,,,,,,,,,
,,,,,,,,,,,,,,,,,,,,,,,,,
,,,,,,,,,,,,,,,,,,,,,,,,,
,,,,,,,,,,,,,,,,,,,,,,,,,
,,,,,,,,,,,,,,,,,,,,,,,,,
,,,,,,,,,,,,,,,,,,,,,,,,,
,,,,,,,,,,,,,,,,,,,,,,,,,
,,,,,,,,,,,,,,,,,,,,,,,,,
,,,,,,,,,,,,,,,,,,,,,,,,,
,,,,,,,,,,,,,,,,,,,,,,,,,
,,,,,,,,,,,,,,,,,,,,,,,,,
,,,,,,,,,,,,,,,,,,,,,,,,,
,,,,,,,,,,,,,,,,,,,,,,,,,
,,,,,,,,,,,,,,,,,,,,,,,,,
,,,,,,,,,,,,,,,,,,,,,,,,,
,,,,,,,,,,,,,,,,,,,,,,,,,
,,,,,,,,,,,,,,,,,,,,,,,,,
,,,,,,,,,,,,,,,,,,,,,,,,,
,,,,,,,,,,,,,,,,,,,,,,,,,
,,,,,,,,,,,,,,,,,,,,,,,,,
,,,,,,,,,,,,,,,,,,,,,,,,,
,,,,,,,,,,,,,,,,,,,,,,,,,
,,,,,,,,,,,,,,,,,,,,,,,,,
,,,,,,,,,,,,,,,,,,,,,,,,,
,,,,,,,,,,,,,,,,,,,,,,,,,
,,,,,,,,,,,,,,,,,,,,,,,,,
,,,,,,,,,,,,,,,,,,,,,,,,,
,,,,,,,,,,,,,,,,,,,,,,,,,
,,,,,,,,,,,,,,,,,,,,,,,,,
,,,,,,,,,,,,,,,,,,,,,,,,,
,,,,,,,,,,,,,,,,,,,,,,,,,
,,,,,,,,,,,,,,,,,,,,,,,,,
,,,,,,,,,,,,,,,,,,,,,,,,,
,,,,,,,,,,,,,,,,,,,,,,,,,
,,,,,,,,,,,,,,,,,,,,,,,,,
,,,,,,,,,,,,,,,,,,,,,,,,,
,,,,,,,,,,,,,,,,,,,,,,,,,
,,,,,,,,,,,,,,,,,,,,,,,,,
,,,,,,,,,,,,,,,,,,,,,,,,,
,,,,,,,,,,,,,,,,,,,,,,,,,
,,,,,,,,,,,,,,,,,,,,,,,,,
,,,,,,,,,,,,,,,,,,,,,,,,,
,,,,,,,,,,,,,,,,,,,,,,,,,
,,,,,,,,,,,,,,,,,,,,,,,,,
,,,,,,,,,,,,,,,,,,,,,,,,,
,,,,,,,,,,,,,,,,,,,,,,,,,
,,,,,,,,,,,,,,,,,,,,,,,,,
,,,,,,,,,,,,,,,,,,,,,,,,,
,,,,,,,,,,,,,,,,,,,,,,,,,
,,,,,,,,,,,,,,,,,,,,,,,,,
,,,,,,,,,,,,,,,,,,,,,,,,,
,,,,,,,,,,,,,,,,,,,,,,,,,
,,,,,,,,,,,,,,,,,,,,,,,,,
,,,,,,,,,,,,,,,,,,,,,,,,,
,,,,,,,,,,,,,,,,,,,,,,,,,
,,,,,,,,,,,,,,,,,,,,,,,,,
,,,,,,,,,,,,,,,,,,,,,,,,,
,,,,,,,,,,,,,,,,,,,,,,,,,
,,,,,,,,,,,,,,,,,,,,,,,,,
,,,,,,,,,,,,,,,,,,,,,,,,,
,,,,,,,,,,,,,,,,,,,,,,,,,
,,,,,,,,,,,,,,,,,,,,,,,,,
,,,,,,,,,,,,,,,,,,,,,,,,,
,,,,,,,,,,,,,,,,,,,,,,,,,
,,,,,,,,,,,,,,,,,,,,,,,,,
,,,,,,,,,,,,,,,,,,,,,,,,,
,,,,,,,,,,,,,,,,,,,,,,,,,
,,,,,,,,,,,,,,,,,,,,,,,,,
,,,,,,,,,,,,,,,,,,,,,,,,,
,,,,,,,,,,,,,,,,,,,,,,,,,
,,,,,,,,,,,,,,,,,,,,,,,,,
,,,,,,,,,,,,,,,,,,,,,,,,,
,,,,,,,,,,,,,,,,,,,,,,,,,
,,,,,,,,,,,,,,,,,,,,,,,,,
,,,,,,,,,,,,,,,,,,,,,,,,,
,,,,,,,,,,,,,,,,,,,,,,,,,
,,,,,,,,,,,,,,,,,,,,,,,,,
,,,,,,,,,,,,,,,,,,,,,,,,,
,,,,,,,,,,,,,,,,,,,,,,,,,
,,,,,,,,,,,,,,,,,,,,,,,,,
,,,,,,,,,,,,,,,,,,,,,,,,,
,,,,,,,,,,,,,,,,,,,,,,,,,
,,,,,,,,,,,,,,,,,,,,,,,,,
,,,,,,,,,,,,,,,,,,,,,,,,,
,,,,,,,,,,,,,,,,,,,,,,,,,
,,,,,,,,,,,,,,,,,,,,,,,,,
,,,,,,,,,,,,,,,,,,,,,,,,,
,,,,,,,,,,,,,,,,,,,,,,,,,
,,,,,,,,,,,,,,,,,,,,,,,,,
,,,,,,,,,,,,,,,,,,,,,,,,,
,,,,,,,,,,,,,,,,,,,,,,,,,
,,,,,,,,,,,,,,,,,,,,,,,,,
,,,,,,,,,,,,,,,,,,,,,,,,,
,,,,,,,,,,,,,,,,,,,,,,,,,
,,,,,,,,,,,,,,,,,,,,,,,,,
,,,,,,,,,,,,,,,,,,,,,,,,,
,,,,,,,,,,,,,,,,,,,,,,,,,
,,,,,,,,,,,,,,,,,,,,,,,,,
,,,,,,,,,,,,,,,,,,,,,,,,,
,,,,,,,,,,,,,,,,,,,,,,,,,
,,,,,,,,,,,,,,,,,,,,,,,,,
,,,,,,,,,,,,,,,,,,,,,,,,,
,,,,,,,,,,,,,,,,,,,,,,,,,
,,,,,,,,,,,,,,,,,,,,,,,,,
,,,,,,,,,,,,,,,,,,,,,,,,,
,,,,,,,,,,,,,,,,,,,,,,,,,
,,,,,,,,,,,,,,,,,,,,,,,,,
,,,,,,,,,,,,,,,,,,,,,,,,,
,,,,,,,,,,,,,,,,,,,,,,,,,
,,,,,,,,,,,,,,,,,,,,,,,,,
,,,,,,,,,,,,,,,,,,,,,,,,,
,,,,,,,,,,,,,,,,,,,,,,,,,
,,,,,,,,,,,,,,,,,,,,,,,,,
,,,,,,,,,,,,,,,,,,,,,,,,,
,,,,,,,,,,,,,,,,,,,,,,,,,
,,,,,,,,,,,,,,,,,,,,,,,,,
,,,,,,,,,,,,,,,,,,,,,,,,,
,,,,,,,,,,,,,,,,,,,,,,,,,
,,,,,,,,,,,,,,,,,,,,,,,,,
,,,,,,,,,,,,,,,,,,,,,,,,,
,,,,,,,,,,,,,,,,,,,,,,,,,
,,,,,,,,,,,,,,,,,,,,,,,,,
,,,,,,,,,,,,,,,,,,,,,,,,,
,,,,,,,,,,,,,,,,,,,,,,,,,
,,,,,,,,,,,,,,,,,,,,,,,,,
,,,,,,,,,,,,,,,,,,,,,,,,,
,,,,,,,,,,,,,,,,,,,,,,,,,
,,,,,,,,,,,,,,,,,,,,,,,,,
,,,,,,,,,,,,,,,,,,,,,,,,,
,,,,,,,,,,,,,,,,,,,,,,,,,
,,,,,,,,,,,,,,,,,,,,,,,,,
,,,,,,,,,,,,,,,,,,,,,,,,,
,,,,,,,,,,,,,,,,,,,,,,,,,
,,,,,,,,,,,,,,,,,,,,,,,,,
,,,,,,,,,,,,,,,,,,,,,,,,,
,,,,,,,,,,,,,,,,,,,,,,,,,
,,,,,,,,,,,,,,,,,,,,,,,,,
,,,,,,,,,,,,,,,,,,,,,,,,,
,,,,,,,,,,,,,,,,,,,,,,,,,
,,,,,,,,,,,,,,,,,,,,,,,,,
,,,,,,,,,,,,,,,,,,,,,,,,,
,,,,,,,,,,,,,,,,,,,,,,,,,
,,,,,,,,,,,,,,,,,,,,,,,,,
,,,,,,,,,,,,,,,,,,,,,,,,,
,,,,,,,,,,,,,,,,,,,,,,,,,
,,,,,,,,,,,,,,,,,,,,,,,,,
,,,,,,,,,,,,,,,,,,,,,,,,,
,,,,,,,,,,,,,,,,,,,,,,,,,
,,,,,,,,,,,,,,,,,,,,,,,,,
,,,,,,,,,,,,,,,,,,,,,,,,,
,,,,,,,,,,,,,,,,,,,,,,,,,
,,,,,,,,,,,,,,,,,,,,,,,,,
,,,,,,,,,,,,,,,,,,,,,,,,,
,,,,,,,,,,,,,,,,,,,,,,,,,
,,,,,,,,,,,,,,,,,,,,,,,,,
,,,,,,,,,,,,,,,,,,,,,,,,,
,,,,,,,,,,,,,,,,,,,,,,,,,
,,,,,,,,,,,,,,,,,,,,,,,,,
,,,,,,,,,,,,,,,,,,,,,,,,,
,,,,,,,,,,,,,,,,,,,,,,,,,
,,,,,,,,,,,,,,,,,,,,,,,,,
,,,,,,,,,,,,,,,,,,,,,,,,,
,,,,,,,,,,,,,,,,,,,,,,,,,
,,,,,,,,,,,,,,,,,,,,,,,,,
,,,,,,,,,,,,,,,,,,,,,,,,,
,,,,,,,,,,,,,,,,,,,,,,,,,
,,,,,,,,,,,,,,,,,,,,,,,,,
,,,,,,,,,,,,,,,,,,,,,,,,,
,,,,,,,,,,,,,,,,,,,,,,,,,
,,,,,,,,,,,,,,,,,,,,,,,,,
,,,,,,,,,,,,,,,,,,,,,,,,,
,,,,,,,,,,,,,,,,,,,,,,,,,
,,,,,,,,,,,,,,,,,,,,,,,,,
,,,,,,,,,,,,,,,,,,,,,,,,,
,,,,,,,,,,,,,,,,,,,,,,,,,
,,,,,,,,,,,,,,,,,,,,,,,,,
,,,,,,,,,,,,,,,,,,,,,,,,,
,,,,,,,,,,,,,,,,,,,,,,,,,
,,,,,,,,,,,,,,,,,,,,,,,,,
,,,,,,,,,,,,,,,,,,,,,,,,,
,,,,,,,,,,,,,,,,,,,,,,,,,
,,,,,,,,,,,,,,,,,,,,,,,,,
,,,,,,,,,,,,,,,,,,,,,,,,,
,,,,,,,,,,,,,,,,,,,,,,,,,
,,,,,,,,,,,,,,,,,,,,,,,,,
,,,,,,,,,,,,,,,,,,,,,,,,,
,,,,,,,,,,,,,,,,,,,,,,,,,
,,,,,,,,,,,,,,,,,,,,,,,,,
,,,,,,,,,,,,,,,,,,,,,,,,,
,,,,,,,,,,,,,,,,,,,,,,,,,
,,,,,,,,,,,,,,,,,,,,,,,,,
,,,,,,,,,,,,,,,,,,,,,,,,,
,,,,,,,,,,,,,,,,,,,,,,,,,
,,,,,,,,,,,,,,,,,,,,,,,,,
,,,,,,,,,,,,,,,,,,,,,,,,,
,,,,,,,,,,,,,,,,,,,,,,,,,
,,,,,,,,,,,,,,,,,,,,,,,,,
,,,,,,,,,,,,,,,,,,,,,,,,,
,,,,,,,,,,,,,,,,,,,,,,,,,
,,,,,,,,,,,,,,,,,,,,,,,,,
,,,,,,,,,,,,,,,,,,,,,,,,,
,,,,,,,,,,,,,,,,,,,,,,,,,
,,,,,,,,,,,,,,,,,,,,,,,,,
,,,,,,,,,,,,,,,,,,,,,,,,,
,,,,,,,,,,,,,,,,,,,,,,,,,
,,,,,,,,,,,,,,,,,,,,,,,,,
,,,,,,,,,,,,,,,,,,,,,,,,,
,,,,,,,,,,,,,,,,,,,,,,,,,
,,,,,,,,,,,,,,,,,,,,,,,,,
,,,,,,,,,,,,,,,,,,,,,,,,,
,,,,,,,,,,,,,,,,,,,,,,,,,
,,,,,,,,,,,,,,,,,,,,,,,,,
,,,,,,,,,,,,,,,,,,,,,,,,,
,,,,,,,,,,,,,,,,,,,,,,,,,
,,,,,,,,,,,,,,,,,,,,,,,,,
,,,,,,,,,,,,,,,,,,,,,,,,,
,,,,,,,,,,,,,,,,,,,,,,,,,
,,,,,,,,,,,,,,,,,,,,,,,,,
,,,,,,,,,,,,,,,,,,,,,,,,,
,,,,,,,,,,,,,,,,,,,,,,,,,
,,,,,,,,,,,,,,,,,,,,,,,,,
,,,,,,,,,,,,,,,,,,,,,,,,,
,,,,,,,,,,,,,,,,,,,,,,,,,
,,,,,,,,,,,,,,,,,,,,,,,,,
,,,,,,,,,,,,,,,,,,,,,,,,,
,,,,,,,,,,,,,,,,,,,,,,,,,
,,,,,,,,,,,,,,,,,,,,,,,,,
,,,,,,,,,,,,,,,,,,,,,,,,,
,,,,,,,,,,,,,,,,,,,,,,,,,
,,,,,,,,,,,,,,,,,,,,,,,,,
,,,,,,,,,,,,,,,,,,,,,,,,,
,,,,,,,,,,,,,,,,,,,,,,,,,
,,,,,,,,,,,,,,,,,,,,,,,,,
,,,,,,,,,,,,,,,,,,,,,,,,,
,,,,,,,,,,,,,,,,,,,,,,,,,
,,,,,,,,,,,,,,,,,,,,,,,,,
,,,,,,,,,,,,,,,,,,,,,,,,,
,,,,,,,,,,,,,,,,,,,,,,,,,
,,,,,,,,,,,,,,,,,,,,,,,,,
,,,,,,,,,,,,,,,,,,,,,,,,,
,,,,,,,,,,,,,,,,,,,,,,,,,
,,,,,,,,,,,,,,,,,,,,,,,,,
,,,,,,,,,,,,,,,,,,,,,,,,,
,,,,,,,,,,,,,,,,,,,,,,,,,
,,,,,,,,,,,,,,,,,,,,,,,,,
,,,,,,,,,,,,,,,,,,,,,,,,,
,,,,,,,,,,,,,,,,,,,,,,,,,
,,,,,,,,,,,,,,,,,,,,,,,,,
,,,,,,,,,,,,,,,,,,,,,,,,,
,,,,,,,,,,,,,,,,,,,,,,,,,
,,,,,,,,,,,,,,,,,,,,,,,,,
,,,,,,,,,,,,,,,,,,,,,,,,,
,,,,,,,,,,,,,,,,,,,,,,,,,
,,,,,,,,,,,,,,,,,,,,,,,,,
,,,,,,,,,,,,,,,,,,,,,,,,,
,,,,,,,,,,,,,,,,,,,,,,,,,
,,,,,,,,,,,,,,,,,,,,,,,,,
,,,,,,,,,,,,,,,,,,,,,,,,,
,,,,,,,,,,,,,,,,,,,,,,,,,
,,,,,,,,,,,,,,,,,,,,,,,,,
,,,,,,,,,,,,,,,,,,,,,,,,,
,,,,,,,,,,,,,,,,,,,,,,,,,
,,,,,,,,,,,,,,,,,,,,,,,,,
,,,,,,,,,,,,,,,,,,,,,,,,,
,,,,,,,,,,,,,,,,,,,,,,,,,
,,,,,,,,,,,,,,,,,,,,,,,,,
,,,,,,,,,,,,,,,,,,,,,,,,,
,,,,,,,,,,,,,,,,,,,,,,,,,
,,,,,,,,,,,,,,,,,,,,,,,,,
,,,,,,,,,,,,,,,,,,,,,,,,,
,,,,,,,,,,,,,,,,,,,,,,,,,
,,,,,,,,,,,,,,,,,,,,,,,,,
,,,,,,,,,,,,,,,,,,,,,,,,,
,,,,,,,,,,,,,,,,,,,,,,,,,
,,,,,,,,,,,,,,,,,,,,,,,,,
,,,,,,,,,,,,,,,,,,,,,,,,,
,,,,,,,,,,,,,,,,,,,,,,,,,
,,,,,,,,,,,,,,,,,,,,,,,,,
,,,,,,,,,,,,,,,,,,,,,,,,,
,,,,,,,,,,,,,,,,,,,,,,,,,
,,,,,,,,,,,,,,,,,,,,,,,,,
,,,,,,,,,,,,,,,,,,,,,,,,,
,,,,,,,,,,,,,,,,,,,,,,,,,
,,,,,,,,,,,,,,,,,,,,,,,,,
,,,,,,,,,,,,,,,,,,,,,,,,,
,,,,,,,,,,,,,,,,,,,,,,,,,
,,,,,,,,,,,,,,,,,,,,,,,,,
,,,,,,,,,,,,,,,,,,,,,,,,,
,,,,,,,,,,,,,,,,,,,,,,,,,
,,,,,,,,,,,,,,,,,,,,,,,,,
,,,,,,,,,,,,,,,,,,,,,,,,,
,,,,,,,,,,,,,,,,,,,,,,,,,
,,,,,,,,,,,,,,,,,,,,,,,,,
,,,,,,,,,,,,,,,,,,,,,,,,,
,,,,,,,,,,,,,,,,,,,,,,,,,
,,,,,,,,,,,,,,,,,,,,,,,,,
,,,,,,,,,,,,,,,,,,,,,,,,,
,,,,,,,,,,,,,,,,,,,,,,,,,
,,,,,,,,,,,,,,,,,,,,,,,,,
,,,,,,,,,,,,,,,,,,,,,,,,,
,,,,,,,,,,,,,,,,,,,,,,,,,
,,,,,,,,,,,,,,,,,,,,,,,,,
,,,,,,,,,,,,,,,,,,,,,,,,,
,,,,,,,,,,,,,,,,,,,,,,,,,
,,,,,,,,,,,,,,,,,,,,,,,,,
,,,,,,,,,,,,,,,,,,,,,,,,,
,,,,,,,,,,,,,,,,,,,,,,,,,
,,,,,,,,,,,,,,,,,,,,,,,,,
,,,,,,,,,,,,,,,,,,,,,,,,,
,,,,,,,,,,,,,,,,,,,,,,,,,
,,,,,,,,,,,,,,,,,,,,,,,,,
,,,,,,,,,,,,,,,,,,,,,,,,,
,,,,,,,,,,,,,,,,,,,,,,,,,
,,,,,,,,,,,,,,,,,,,,,,,,,
,,,,,,,,,,,,,,,,,,,,,,,,,
,,,,,,,,,,,,,,,,,,,,,,,,,
,,,,,,,,,,,,,,,,,,,,,,,,,
,,,,,,,,,,,,,,,,,,,,,,,,,
,,,,,,,,,,,,,,,,,,,,,,,,,
,,,,,,,,,,,,,,,,,,,,,,,,,
,,,,,,,,,,,,,,,,,,,,,,,,,
,,,,,,,,,,,,,,,,,,,,,,,,,
,,,,,,,,,,,,,,,,,,,,,,,,,
,,,,,,,,,,,,,,,,,,,,,,,,,
,,,,,,,,,,,,,,,,,,,,,,,,,
,,,,,,,,,,,,,,,,,,,,,,,,,
,,,,,,,,,,,,,,,,,,,,,,,,,
,,,,,,,,,,,,,,,,,,,,,,,,,
,,,,,,,,,,,,,,,,,,,,,,,,,
,,,,,,,,,,,,,,,,,,,,,,,,,
,,,,,,,,,,,,,,,,,,,,,,,,,
,,,,,,,,,,,,,,,,,,,,,,,,,
,,,,,,,,,,,,,,,,,,,,,,,,,
,,,,,,,,,,,,,,,,,,,,,,,,,
,,,,,,,,,,,,,,,,,,,,,,,,,
,,,,,,,,,,,,,,,,,,,,,,,,,
,,,,,,,,,,,,,,,,,,,,,,,,,
,,,,,,,,,,,,,,,,,,,,,,,,,
,,,,,,,,,,,,,,,,,,,,,,,,,
,,,,,,,,,,,,,,,,,,,,,,,,,
,,,,,,,,,,,,,,,,,,,,,,,,,
,,,,,,,,,,,,,,,,,,,,,,,,,
,,,,,,,,,,,,,,,,,,,,,,,,,
,,,,,,,,,,,,,,,,,,,,,,,,,
,,,,,,,,,,,,,,,,,,,,,,,,,
,,,,,,,,,,,,,,,,,,,,,,,,,
,,,,,,,,,,,,,,,,,,,,,,,,,
,,,,,,,,,,,,,,,,,,,,,,,,,
,,,,,,,,,,,,,,,,,,,,,,,,,
,,,,,,,,,,,,,,,,,,,,,,,,,
,,,,,,,,,,,,,,,,,,,,,,,,,
,,,,,,,,,,,,,,,,,,,,,,,,,
,,,,,,,,,,,,,,,,,,,,,,,,,
,,,,,,,,,,,,,,,,,,,,,,,,,
,,,,,,,,,,,,,,,,,,,,,,,,,
,,,,,,,,,,,,,,,,,,,,,,,,,
,,,,,,,,,,,,,,,,,,,,,,,,,
,,,,,,,,,,,,,,,,,,,,,,,,,
,,,,,,,,,,,,,,,,,,,,,,,,,
,,,,,,,,,,,,,,,,,,,,,,,,,
,,,,,,,,,,,,,,,,,,,,,,,,,
,,,,,,,,,,,,,,,,,,,,,,,,,
,,,,,,,,,,,,,,,,,,,,,,,,,
,,,,,,,,,,,,,,,,,,,,,,,,,
,,,,,,,,,,,,,,,,,,,,,,,,,
,,,,,,,,,,,,,,,,,,,,,,,,,
,,,,,,,,,,,,,,,,,,,,,,,,,
,,,,,,,,,,,,,,,,,,,,,,,,,
,,,,,,,,,,,,,,,,,,,,,,,,,
,,,,,,,,,,,,,,,,,,,,,,,,,
